gene,region,average_expression,log2FC,pval,adj_pval,direction
EPHA3,Fovea,0.0698,3.161,1.19e-10,6.04e-7,enriched
FOXD1,Fovea,0.164,2.936,4.85e-11,4.31e-7,enriched
PCDH8,Fovea,0.0237,1.83,1.3e-5,0.0165,enriched
RLBP1,Fovea,0.0981,1.724,2.94e-7,7.46e-4,enriched
POU3F2,Fovea,0.0369,1.652,4.75e-6,0.00805,enriched
MPZ,Fovea,0.0806,1.326,3.44e-5,0.0235,enriched
FABP7,Fovea,0.4214,1.304,3.87e-7,9.17e-4,enriched
CYP26A1,Fovea,0.0907,1.259,2.74e-5,0.0219,enriched
GRID2,Fovea,0.3419,1.222,5.79e-7,0.00129,enriched
LINC00461,Fovea,0.3641,1.055,1.9e-5,0.0178,enriched
PDGFRA,Fovea,0.0685,1.052,7.76e-5,0.0445,enriched
BEX1,Fovea,0.7945,1.021,1.09e-5,0.0155,enriched
PLP1,Fovea,0.2114,0.995,7.78e-9,2.77e-5,enriched
SPON1,Fovea,0.2399,0.989,1.49e-5,0.0178,enriched
WNT5B,Fovea,0.2342,0.975,1.26e-5,0.0165,enriched
LUM,Fovea,0.2382,0.941,3.24e-5,0.0226,enriched
SAT1,Fovea,0.4751,0.936,4.18e-5,0.0265,enriched
KDR,Fovea,0.1081,0.899,2.81e-5,0.0219,enriched
FAM110B,Fovea,0.1723,0.821,1.96e-5,0.0179,enriched
CA14,Fovea,0.2061,0.809,7.33e-6,0.0116,enriched
EPHA5,Fovea,0.5539,0.72,1.64e-5,0.0178,enriched
COL5A2,Fovea,0.2326,0.717,7.73e-5,0.0445,enriched
CMTM6,Fovea,0.5278,0.655,8.27e-7,0.00163,enriched
SEPT6,Fovea,0.1416,0.637,2.99e-5,0.0224,enriched
QDPR,Fovea,0.223,0.635,1.76e-5,0.0178,enriched
DDHD1,Fovea,0.3838,0.587,3.14e-5,0.0226,enriched
RGS16,Fovea,0.2207,0.581,8.17e-5,0.0451,enriched
MYO10,Fovea,0.2529,0.572,3.21e-5,0.0226,enriched
COL4A2,Fovea,0.6165,0.522,8.11e-5,0.0451,enriched
RORB,Fovea,1.7709,0.518,1.01e-5,0.015,enriched
DAAM1,Fovea,0.9539,0.512,2.79e-5,0.0219,enriched
PTPRZ1,Fovea,0.5271,0.508,2.43e-5,0.0206,enriched
EPB41L2,Fovea,0.404,0.458,9.1e-5,0.0476,enriched
GPM6B,Fovea,0.6311,0.446,1.72e-5,0.0178,enriched
VIM,Fovea,3.0968,0.415,7.93e-8,2.56e-4,enriched
FTH1,Fovea,2.4929,-0.332,1.73e-5,0.0178,de-enriched
SLF1,Fovea,0.6022,-0.593,4.25e-5,0.0265,de-enriched
KLHDC8B,Fovea,0.3086,-0.688,3.02e-5,0.0224,de-enriched
SPINT2,Fovea,0.2642,-0.726,2.34e-5,0.0203,de-enriched
PDLIM5,Fovea,0.2885,-0.82,8.48e-5,0.0451,de-enriched
COL9A2,Fovea,0.1281,-1.059,4.08e-5,0.0265,de-enriched
GJA1,Fovea,0.2216,-1.117,7.43e-7,0.00155,de-enriched
NECAB2,Fovea,0.1263,-1.251,1.67e-5,0.0178,de-enriched
MT1X,Fovea,0.106,-1.275,1.88e-5,0.0178,de-enriched
DAPL1,Fovea,1.355,-1.304,2.91e-9,1.15e-5,de-enriched
FAM84A,Fovea,0.1308,-1.367,2.91e-7,7.46e-4,de-enriched
APCDD1,Fovea,0.0953,-1.487,2.83e-5,0.0219,de-enriched
EFNA5,Fovea,0.6231,-1.561,1.01e-10,5.99e-7,de-enriched
CYP1B1,Fovea,0.6782,-1.681,4.23e-5,0.0265,de-enriched
CRTAC1,Fovea,0.0875,-1.822,7.41e-5,0.0439,de-enriched
LHX9,Fovea,0.1799,-1.833,8.45e-5,0.0451,de-enriched
KRT8,Fovea,0.095,-1.836,7.14e-5,0.043,de-enriched
ALDH1A3,Fovea,0.0857,-2.073,2.12e-7,6.28e-4,de-enriched
HMX1,Fovea,0.5211,-2.562,1.26e-11,1.49e-7,de-enriched
KRT19,Fovea,0.1086,-2.573,1.51e-5,0.0178,de-enriched
SFN,Fovea,0.0301,-3.74,1.17e-5,0.016,de-enriched
ALDH1A1,Fovea,0.2897,-4.089,8.38e-11,5.96e-7,de-enriched
APOA2,Fovea,0.0028,-7.758,2.85e-15,1.01e-10,de-enriched
APOB,Fovea,6e-4,-10,7.53e-6,0.0116,de-enriched
AHSG,Fovea,0.0019,-10,6.57e-12,1.17e-7,de-enriched
SLC34A2,Fovea,0.0056,-10,2.03e-5,0.018,de-enriched
CRYBG1,Fovea,0.0057,-10,5.01e-5,0.0307,de-enriched
APOH,Fovea,9e-4,-10,4.56e-6,0.00805,de-enriched
AFP,Fovea,0.0014,-10,1.37e-10,6.08e-7,de-enriched
KRT3,Fovea,0.0062,-10,3.82e-5,0.0256,de-enriched
KRTDAP,Fovea,0.002,-10,8.5e-5,0.0451,de-enriched
DSG1,Fovea,0.0065,-10,1.87e-5,0.0178,de-enriched
FGB,Fovea,2e-4,-10,1.66e-6,0.00311,de-enriched
EPHA3,Temporal,0.0698,4.467,1.03e-11,1.84e-7,enriched
FOXD1,Temporal,0.164,3.758,3.95e-13,1.4e-8,enriched
RLBP1,Temporal,0.0981,1.5,2.53e-5,0.0328,enriched
OGN,Temporal,0.174,1.471,2.59e-5,0.0328,enriched
GRID2,Temporal,0.3419,1.4,7.44e-9,5.29e-5,enriched
SAT1,Temporal,0.4751,1.339,5.67e-7,0.00155,enriched
FAM110B,Temporal,0.1723,1.228,3.64e-6,0.00719,enriched
LUM,Temporal,0.2382,1.186,6.42e-7,0.00163,enriched
FABP7,Temporal,0.4214,1.16,2.4e-7,8.54e-4,enriched
NFIA,Temporal,0.2277,1.119,1.52e-5,0.0235,enriched
COL3A1,Temporal,0.4216,1.112,1.61e-5,0.0239,enriched
COL1A1,Temporal,0.568,0.92,7.73e-6,0.0137,enriched
BEX1,Temporal,0.7945,0.905,4.22e-8,2.14e-4,enriched
LINC00461,Temporal,0.3641,0.824,3.02e-5,0.0358,enriched
VIM,Temporal,3.0968,0.396,7.76e-8,3.45e-4,enriched
MT-ATP6,Temporal,3.1395,0.295,3.48e-5,0.0387,enriched
MT-CO1,Temporal,3.1065,0.261,5.07e-6,0.00949,enriched
MT-CO3,Temporal,3.4756,0.236,4.18e-5,0.045,enriched
MALAT1,Temporal,5.8322,0.179,1.76e-5,0.025,enriched
DAPL1,Temporal,1.355,-1.396,3.08e-9,2.74e-5,de-enriched
EFNA5,Temporal,0.6231,-2.114,1.99e-10,2.36e-6,de-enriched
LHX9,Temporal,0.1799,-2.212,2.68e-5,0.0328,de-enriched
ALDH1A1,Temporal,0.2897,-2.547,9.43e-7,0.00224,de-enriched
HMX1,Temporal,0.5211,-3.187,2.04e-8,1.21e-4,de-enriched
KRT19,Temporal,0.1086,-3.514,2.08e-5,0.0285,de-enriched
FOXG1,Temporal,0.0348,-5.363,3.35e-5,0.0384,de-enriched
KRT17,Temporal,0.0702,-5.387,1.52e-5,0.0235,de-enriched
KRT5,Temporal,0.0624,-5.452,1.3e-6,0.00289,de-enriched
OPTC,Temporal,0.0492,-10,1.11e-7,4.38e-4,de-enriched
CLIC3,Temporal,0.0135,-10,3.74e-7,0.00121,de-enriched
SERPINA1,Temporal,0.003,-10,4.24e-7,0.00126,de-enriched
KRT12,Temporal,0.0228,-10,9.8e-6,0.0166,de-enriched
SPRR3,Temporal,0.0055,-10,1.45e-6,0.00303,de-enriched
LGALS2,Nasal,0,10,3.91e-5,0.00429,enriched
FGB,Nasal,2e-4,10,3.67e-16,3.27e-12,enriched
MT1B,Nasal,1e-4,10,3.67e-6,6.72e-4,enriched
AFP,Nasal,0.0014,7.414,1.1e-20,1.96e-16,enriched
APOC3,Nasal,9e-4,7.131,1.49e-4,0.0117,enriched
SERPINA6,Nasal,4e-4,6.609,1.67e-11,8.48e-8,enriched
APOH,Nasal,9e-4,6.127,7.19e-7,2.01e-4,enriched
APOA2,Nasal,0.0028,5.973,2.1799999999999999e-23,7.75e-19,enriched
FABP1,Nasal,0.0023,5.652,3.92e-4,0.0246,enriched
TTR,Nasal,0.0048,4.817,8.7e-4,0.0446,enriched
FOXG1,Nasal,0.0348,4.578,7.17e-7,2.01e-4,enriched
HMX1,Nasal,0.5211,2.62,2.59e-16,3.07e-12,enriched
ETNPPL,Nasal,0.0072,2.556,1.73e-5,0.00226,enriched
WFDC1,Nasal,0.0687,2.33,3.4e-9,4.16e-6,enriched
AC209005.1,Nasal,0.0134,2.304,1.82e-6,4.07e-4,enriched
AC092958.1,Nasal,0.0203,2.132,2.89e-9,3.67e-6,enriched
EFNA5,Nasal,0.6231,2.105,1.76e-10,4.81e-7,enriched
PDE11A,Nasal,0.0206,2.069,6.59e-6,0.00108,enriched
EFNA2,Nasal,0.0237,1.969,1.08e-6,2.68e-4,enriched
CALB1,Nasal,0.0764,1.929,8.51e-5,0.00749,enriched
ADAMTS9-AS1,Nasal,0.0223,1.88,5.26e-5,0.00527,enriched
ALDH1A1,Nasal,0.2897,1.869,9.39e-10,1.71e-6,enriched
LINC01551,Nasal,0.0118,1.808,2.29e-4,0.0162,enriched
FGF19,Nasal,0.2353,1.71,6.98e-8,3.94e-5,enriched
AOC3,Nasal,0.0054,1.609,2.32e-4,0.0163,enriched
MECOM,Nasal,0.0532,1.576,8.49e-7,2.32e-4,enriched
CYP1B1,Nasal,0.6782,1.55,9.41e-7,2.46e-4,enriched
SLC16A6,Nasal,0.0183,1.545,1.03e-6,2.58e-4,enriched
CCK,Nasal,0.056,1.536,1.43e-4,0.0114,enriched
LEMD1,Nasal,0.0145,1.482,7.22e-6,0.00114,enriched
VWC2,Nasal,0.0318,1.48,7.52e-9,7.43e-6,enriched
LRRC3B,Nasal,0.031,1.461,8.21e-8,4.42e-5,enriched
SHISA7,Nasal,0.0079,1.461,7.39e-5,0.00681,enriched
CLEC19A,Nasal,0.043,1.448,2.05e-7,9e-5,enriched
OLFM3,Nasal,0.0604,1.427,3.95e-7,1.46e-4,enriched
LHX9,Nasal,0.1799,1.4,2.65e-8,1.88e-5,enriched
ALDH1A3,Nasal,0.0857,1.399,9.48e-8,4.91e-5,enriched
CLDN3,Nasal,0.0316,1.394,3e-5,0.00354,enriched
CHSY3,Nasal,0.16,1.393,6.21e-6,0.00103,enriched
C11orf88,Nasal,0.0256,1.383,3.91e-5,0.00429,enriched
RP11-1338A24.1,Nasal,0.0303,1.382,1.3e-5,0.00181,enriched
CACNA1D,Nasal,0.031,1.373,1.44e-5,0.00193,enriched
RASSF9,Nasal,0.0266,1.357,8.09e-8,4.42e-5,enriched
SALL1,Nasal,0.0246,1.33,4.58e-6,7.86e-4,enriched
CLDN1,Nasal,0.0801,1.327,5.23e-7,1.78e-4,enriched
ADAMTS9-AS2,Nasal,0.022,1.312,2.05e-4,0.0151,enriched
OPRK1,Nasal,0.0211,1.297,7.81e-5,0.00701,enriched
AC087477.2,Nasal,0.009,1.269,2.09e-4,0.0152,enriched
NECAB2,Nasal,0.1263,1.269,7.26e-10,1.52e-6,enriched
CRTAC1,Nasal,0.0875,1.238,1.68e-7,7.82e-5,enriched
ASS1,Nasal,0.0202,1.235,2.39e-4,0.0167,enriched
GAD2,Nasal,0.0259,1.234,3.98e-4,0.0248,enriched
FAM183A,Nasal,0.0329,1.232,4.65e-5,0.00481,enriched
DAPL1,Nasal,1.355,1.217,7.86e-11,3.5e-7,enriched
BAIAP3,Nasal,0.0147,1.202,4.59e-4,0.0276,enriched
CDON,Nasal,0.2097,1.178,1.47e-10,4.74e-7,enriched
SPATA18,Nasal,0.0197,1.177,2.26e-5,0.00274,enriched
COL9A2,Nasal,0.1281,1.17,8.1e-10,1.6e-6,enriched
ZIC1,Nasal,0.1658,1.16,2.44e-9,3.34e-6,enriched
RP11-71N10.1,Nasal,0.0203,1.149,9.44e-4,0.0471,enriched
OPCML,Nasal,0.0759,1.144,2.06e-6,4.45e-4,enriched
C9orf135,Nasal,0.0796,1.141,3.84e-5,0.00426,enriched
HSD17B2,Nasal,0.0334,1.131,1.5e-4,0.0118,enriched
ANO1,Nasal,0.0326,1.126,8.48e-4,0.0438,enriched
RELN,Nasal,0.2411,1.125,1.69e-7,7.82e-5,enriched
PRELP,Nasal,0.0285,1.124,7.78e-4,0.041,enriched
RALYL,Nasal,0.2623,1.123,8.59e-8,4.56e-5,enriched
FIBCD1,Nasal,0.0642,1.112,1.43e-5,0.00193,enriched
ZIC4,Nasal,0.0233,1.1,3.6e-5,0.00409,enriched
LRRK1,Nasal,0.0169,1.1,2.2e-4,0.0158,enriched
TEX26,Nasal,0.017,1.094,3.28e-4,0.0213,enriched
SCGB3A1,Nasal,0.0431,1.091,3.26e-7,1.26e-4,enriched
PGM5,Nasal,0.0325,1.075,4.27e-6,7.52e-4,enriched
APCDD1,Nasal,0.0953,1.065,1.57e-6,3.58e-4,enriched
OTX1,Nasal,0.0325,1.049,6.69e-6,0.00108,enriched
RP1-39G22.7,Nasal,0.0675,1.042,3.13e-6,6.01e-4,enriched
AC006450.3,Nasal,0.039,1.038,1.78e-5,0.0023,enriched
PALMD,Nasal,0.0472,1.033,3.92e-6,7.12e-4,enriched
PCSK1N,Nasal,0.2109,1.03,8.94e-7,2.39e-4,enriched
PTH2,Nasal,0.0345,1.027,3.95e-4,0.0247,enriched
CACNB2,Nasal,0.0885,1.024,1.15e-6,2.83e-4,enriched
ISLR2,Nasal,0.0906,1.024,6.27e-7,1.85e-4,enriched
POLR3G,Nasal,0.0151,1.011,3.14e-4,0.0206,enriched
AC023300.2,Nasal,0.0427,1.01,4.44e-6,7.66e-4,enriched
CFAP47,Nasal,0.1198,0.995,3.12e-5,0.00366,enriched
LGR6,Nasal,0.0392,0.994,8.18e-6,0.00124,enriched
COL22A1,Nasal,0.016,0.993,0.00101,0.049,enriched
SYT17,Nasal,0.0509,0.99,2.56e-6,5.15e-4,enriched
LRRC10B,Nasal,0.0474,0.963,8.79e-6,0.00132,enriched
LYPD6B,Nasal,0.0147,0.953,2.54e-4,0.0175,enriched
C20orf85,Nasal,0.0131,0.945,2.65e-4,0.0181,enriched
GJA1,Nasal,0.2216,0.944,1.12e-7,5.55e-5,enriched
SYT7,Nasal,0.107,0.939,1.89e-5,0.0024,enriched
LRRN2,Nasal,0.027,0.937,8.43e-5,0.00745,enriched
KSR2,Nasal,0.0735,0.925,6.98e-4,0.0381,enriched
NEBL,Nasal,0.0324,0.924,6.93e-4,0.038,enriched
CPAMD8,Nasal,0.2783,0.913,5.67e-7,1.81e-4,enriched
FOXI3,Nasal,0.0256,0.911,5.5e-4,0.0322,enriched
SHISA9,Nasal,0.0283,0.903,6.98e-4,0.0381,enriched
PTPRQ,Nasal,0.1366,0.902,3.84e-4,0.0243,enriched
ZNF215,Nasal,0.0305,0.898,3.29e-5,0.00383,enriched
MYOCD,Nasal,0.0139,0.897,5.74e-4,0.0331,enriched
KIRREL3,Nasal,0.0849,0.896,1.48e-4,0.0116,enriched
KCNJ13,Nasal,0.0627,0.888,1.33e-4,0.0108,enriched
PNMA8C,Nasal,0.0381,0.885,1.04e-4,0.0088,enriched
MIR503HG,Nasal,0.0533,0.885,4.76e-5,0.00489,enriched
EDARADD,Nasal,0.0199,0.883,1.43e-4,0.0114,enriched
CFAP74,Nasal,0.0243,0.882,6.23e-4,0.0352,enriched
CRACR2B,Nasal,0.0549,0.881,6.28e-7,1.85e-4,enriched
PACRG,Nasal,0.0435,0.878,1.27e-5,0.00177,enriched
UNC5B,Nasal,0.0158,0.867,9.58e-4,0.0475,enriched
LINC02249,Nasal,0.0236,0.866,1.62e-4,0.0125,enriched
TLE3,Nasal,0.1804,0.863,1.75e-5,0.00227,enriched
DNAH7,Nasal,0.0325,0.86,2.11e-4,0.0153,enriched
BMP2,Nasal,0.0218,0.859,9.7e-5,0.00831,enriched
RMST,Nasal,0.1863,0.855,7.21e-6,0.00114,enriched
TMEM205,Nasal,0.1891,0.855,4.81e-7,1.69e-4,enriched
AC010931.2,Nasal,0.1162,0.854,2.3e-6,4.81e-4,enriched
DIO3,Nasal,0.2469,0.847,3.27e-6,6.22e-4,enriched
C5orf49,Nasal,0.0568,0.845,2.6e-6,5.19e-4,enriched
AJAP1,Nasal,0.0298,0.842,4.43e-4,0.0269,enriched
FAM84A,Nasal,0.1308,0.841,9.82e-10,1.71e-6,enriched
DNAAF3,Nasal,0.0522,0.839,7.44e-6,0.00116,enriched
AL121899.1,Nasal,0.0198,0.838,1.56e-4,0.0121,enriched
CHST15,Nasal,0.0501,0.835,1.45e-4,0.0115,enriched
CFAP299,Nasal,0.1345,0.815,4.97e-5,0.00506,enriched
SYNPR,Nasal,0.1918,0.81,3.59e-4,0.023,enriched
SAMD15,Nasal,0.0325,0.809,1.04e-4,0.0088,enriched
CDH6,Nasal,0.2739,0.805,9.91e-9,9.28e-6,enriched
COL13A1,Nasal,0.1626,0.804,3.86e-9,4.16e-6,enriched
PPP1R32,Nasal,0.0215,0.804,7.44e-4,0.0394,enriched
EFHD2,Nasal,0.1128,0.793,3.85e-9,4.16e-6,enriched
MEIS2,Nasal,0.2133,0.79,2.52e-8,1.83e-5,enriched
NR2F1,Nasal,0.5763,0.783,1.02e-9,1.71e-6,enriched
PIK3R4,Nasal,0.0626,0.782,5.73e-5,0.00558,enriched
IKBIP,Nasal,0.1729,0.782,2.23e-10,5.65e-7,enriched
ARSG,Nasal,0.0661,0.777,4.16e-5,0.00444,enriched
COL23A1,Nasal,0.1929,0.775,3.06e-7,1.2e-4,enriched
RUNDC1,Nasal,0.0736,0.766,4.54e-5,0.00475,enriched
LINC01658,Nasal,0.0307,0.765,6.6e-4,0.0367,enriched
ZIC5,Nasal,0.1071,0.764,2.18e-5,0.0027,enriched
RSPH9,Nasal,0.1715,0.761,8.89e-9,8.55e-6,enriched
MEIS1-AS2,Nasal,0.0377,0.759,6.25e-5,0.00598,enriched
CNTNAP3,Nasal,0.0346,0.756,2.24e-4,0.016,enriched
RDH10,Nasal,0.2168,0.75,1.34e-6,3.13e-4,enriched
CCDC160,Nasal,0.0458,0.745,1.9e-4,0.0142,enriched
BMPR1B,Nasal,0.1154,0.739,3.74e-5,0.00419,enriched
FGF8,Nasal,0.1235,0.738,2.32e-4,0.0163,enriched
PCDH9,Nasal,0.2544,0.727,4.91e-7,1.69e-4,enriched
SPAG1,Nasal,0.0352,0.726,6.77e-5,0.00639,enriched
SYT5,Nasal,0.0474,0.724,2.2e-5,0.00271,enriched
GCHFR,Nasal,0.1552,0.722,4.21e-8,2.67e-5,enriched
NBPF1,Nasal,0.0655,0.719,1.25e-6,2.99e-4,enriched
KLHDC8B,Nasal,0.3086,0.714,1.47e-9,2.27e-6,enriched
MRPL1,Nasal,0.2057,0.714,4.57e-9,4.78e-6,enriched
KITLG,Nasal,0.0432,0.714,2.31e-4,0.0163,enriched
ABLIM2,Nasal,0.0739,0.71,1.84e-5,0.00236,enriched
PDLIM5,Nasal,0.2885,0.699,2.83e-7,1.16e-4,enriched
BTBD17,Nasal,0.0477,0.699,2.08e-4,0.0152,enriched
MUC12,Nasal,0.1246,0.697,2.21e-5,0.00272,enriched
CNTNAP3B,Nasal,0.1139,0.696,1.62e-6,3.64e-4,enriched
FAR2,Nasal,0.0818,0.695,1.14e-5,0.00163,enriched
GPR162,Nasal,0.0551,0.694,6.08e-6,0.00101,enriched
ATP1A2,Nasal,0.0739,0.688,6.76e-4,0.0373,enriched
DTNA,Nasal,0.2004,0.687,7.66e-6,0.00118,enriched
PLCH1,Nasal,0.2193,0.684,1.18e-6,2.87e-4,enriched
C22orf15,Nasal,0.0299,0.683,1.55e-4,0.012,enriched
C1orf53,Nasal,0.0724,0.678,2.45e-6,5.01e-4,enriched
FZD5,Nasal,0.5097,0.676,9.67e-7,2.49e-4,enriched
ZIC2,Nasal,0.3892,0.676,5.62e-6,9.39e-4,enriched
TENM1,Nasal,0.0385,0.673,6.39e-4,0.0358,enriched
TEKT2,Nasal,0.1257,0.671,9.71e-6,0.00143,enriched
TPPP3,Nasal,0.3225,0.671,1.7e-9,2.52e-6,enriched
TENM2,Nasal,0.0577,0.668,5.79e-4,0.0332,enriched
HOMER2,Nasal,0.3316,0.66,6.34e-7,1.85e-4,enriched
SLF1,Nasal,0.6022,0.659,2.85e-9,3.67e-6,enriched
MAN1A1,Nasal,0.3108,0.659,3.73e-9,4.16e-6,enriched
RSPH1,Nasal,0.0829,0.652,2.29e-4,0.0162,enriched
FANK1,Nasal,0.0531,0.65,7.56e-5,0.00684,enriched
CNFN,Nasal,0.0269,0.65,3.99e-4,0.0248,enriched
COL2A1,Nasal,0.5451,0.644,2.37e-6,4.9e-4,enriched
SMKR1,Nasal,0.0632,0.643,4.53e-4,0.0274,enriched
LAMA5,Nasal,0.0293,0.643,4.91e-4,0.0294,enriched
CMTM8,Nasal,0.0488,0.641,4.47e-4,0.0271,enriched
HYDIN,Nasal,0.0809,0.64,4.58e-4,0.0276,enriched
ATOH8,Nasal,0.0604,0.639,2.35e-4,0.0164,enriched
COL9A1,Nasal,0.463,0.623,1.56e-6,3.57e-4,enriched
DSEL,Nasal,0.1695,0.623,6.72e-7,1.93e-4,enriched
ADAMTS3,Nasal,0.0779,0.621,2.53e-4,0.0175,enriched
COL25A1,Nasal,0.3671,0.621,5.05e-8,3.09e-5,enriched
CADPS2,Nasal,0.2498,0.621,5.4e-5,0.00536,enriched
PDPN,Nasal,0.0588,0.615,7.5e-5,0.00682,enriched
ATP2A2,Nasal,0.2087,0.613,7.33e-6,0.00115,enriched
CCDC74B,Nasal,0.0406,0.612,2.04e-4,0.015,enriched
AC004540.2,Nasal,0.0543,0.603,9.42e-4,0.0471,enriched
ERICH5,Nasal,0.2131,0.601,3.86e-4,0.0243,enriched
LRP2,Nasal,0.3524,0.6,3.93e-5,0.00429,enriched
ZSCAN1,Nasal,0.0851,0.599,5.59e-4,0.0325,enriched
CCNA1,Nasal,0.0847,0.598,1.16e-4,0.00962,enriched
DUSP18,Nasal,0.0571,0.598,1.94e-4,0.0145,enriched
EFNA3,Nasal,0.0331,0.595,2.19e-4,0.0157,enriched
MAGI3,Nasal,0.354,0.594,2.28e-6,4.8e-4,enriched
DERL3,Nasal,0.0746,0.59,2.71e-4,0.0185,enriched
ENKUR,Nasal,0.0985,0.589,4.62e-5,0.00479,enriched
C9orf116,Nasal,0.087,0.588,3.09e-5,0.00364,enriched
NKAIN4,Nasal,0.4476,0.588,5.27e-7,1.78e-4,enriched
LEF1,Nasal,0.143,0.585,9.35e-7,2.46e-4,enriched
SFRP2,Nasal,1.7425,0.584,3.88e-7,1.45e-4,enriched
FAM227A,Nasal,0.1503,0.582,8.19e-6,0.00124,enriched
CCDC157,Nasal,0.1074,0.58,2.44e-5,0.00293,enriched
STMN4,Nasal,0.0906,0.578,9.96e-4,0.0486,enriched
GPC6,Nasal,0.4114,0.577,2.64e-6,5.25e-4,enriched
CNIH2,Nasal,0.0751,0.574,3.76e-6,6.86e-4,enriched
DZANK1,Nasal,0.069,0.57,3.14e-4,0.0206,enriched
IQCA1,Nasal,0.043,0.567,6.04e-4,0.0343,enriched
AGBL4,Nasal,0.2276,0.565,6.86e-4,0.0378,enriched
PARD6A,Nasal,0.0616,0.565,2.69e-4,0.0184,enriched
JAG1,Nasal,0.0813,0.562,1.71e-5,0.00225,enriched
FZD3,Nasal,0.5649,0.56,4.1e-6,7.36e-4,enriched
CCDC33,Nasal,0.0356,0.56,6.89e-4,0.0379,enriched
SAMD11,Nasal,0.0931,0.559,3.34e-7,1.28e-4,enriched
ASTN1,Nasal,0.1168,0.558,5.16e-5,0.00518,enriched
STRA6,Nasal,0.1435,0.557,5.56e-7,1.81e-4,enriched
RAX,Nasal,0.8685,0.554,1.73e-5,0.00226,enriched
FLRT2,Nasal,0.186,0.553,6.75e-4,0.0373,enriched
APC2,Nasal,0.0661,0.55,3.7e-4,0.0234,enriched
EFNB3,Nasal,0.0817,0.549,2.07e-5,0.00259,enriched
DIO3OS,Nasal,0.1405,0.545,4.18e-4,0.0256,enriched
REEP6,Nasal,0.0559,0.538,8.73e-4,0.0447,enriched
NPAS3,Nasal,0.2262,0.533,6.77e-5,0.00639,enriched
KLHDC9,Nasal,0.055,0.531,7.02e-4,0.0382,enriched
VSX2,Nasal,0.4666,0.53,2.41e-4,0.0168,enriched
RAB31,Nasal,0.5409,0.529,1.88e-5,0.0024,enriched
CCDC146,Nasal,0.0788,0.527,5.24e-4,0.0311,enriched
FIGN,Nasal,0.5197,0.526,5.83e-7,1.81e-4,enriched
VSTM2L,Nasal,0.0588,0.526,9.21e-4,0.0462,enriched
CXADR,Nasal,0.3309,0.526,4.83e-5,0.00493,enriched
MSI2,Nasal,1.3831,0.524,3.3e-8,2.3e-5,enriched
ELAVL2,Nasal,0.0917,0.519,7.41e-5,0.00681,enriched
TGFB2,Nasal,0.1533,0.515,4.27e-4,0.0261,enriched
ADGRV1,Nasal,0.2209,0.514,3.61e-5,0.00409,enriched
ZDHHC1,Nasal,0.0549,0.513,2.65e-4,0.0181,enriched
KHDRBS3,Nasal,0.1607,0.507,5.29e-6,8.87e-4,enriched
COLEC12,Nasal,0.2562,0.506,5.89e-7,1.81e-4,enriched
FEZF2,Nasal,0.3304,0.505,3.3e-5,0.00384,enriched
LHX2,Nasal,0.4609,0.504,6.51e-6,0.00107,enriched
CRIP2,Nasal,0.2038,0.502,9.74e-8,4.95e-5,enriched
ZBTB16,Nasal,0.167,0.5,1.18e-5,0.00167,enriched
CFAP300,Nasal,0.0516,0.499,2.14e-4,0.0154,enriched
SORCS1,Nasal,0.6309,0.498,8.01e-7,2.21e-4,enriched
CENPA,Nasal,0.129,0.497,2.02e-4,0.015,enriched
MUM1,Nasal,0.5055,0.497,5.56e-8,3.3e-5,enriched
NRIP1,Nasal,0.4148,0.493,5.92e-7,1.81e-4,enriched
SELENOP,Nasal,0.3451,0.492,7.16e-4,0.0383,enriched
UTRN,Nasal,0.247,0.491,2.4e-7,1.03e-4,enriched
NLRP1,Nasal,0.2743,0.483,4.4e-6,7.66e-4,enriched
C19orf81,Nasal,0.0722,0.482,3.08e-4,0.0204,enriched
PRR7,Nasal,0.1334,0.48,2.2e-6,4.69e-4,enriched
SIX6,Nasal,0.9552,0.48,1.56e-5,0.00208,enriched
HIST1H2BH,Nasal,0.0586,0.475,2.96e-4,0.0197,enriched
RIC3,Nasal,0.1394,0.474,1.31e-4,0.0107,enriched
DCLK1,Nasal,0.2556,0.47,1.57e-5,0.00209,enriched
CCDC148,Nasal,0.0648,0.467,7.08e-4,0.0382,enriched
PLTP,Nasal,0.1103,0.467,1.35e-4,0.0109,enriched
CCDC34,Nasal,0.5926,0.465,1.07e-8,9.29e-6,enriched
HES1,Nasal,1.1971,0.461,3.02e-7,1.19e-4,enriched
MIS18BP1,Nasal,0.4857,0.461,4.16e-6,7.43e-4,enriched
PLPPR3,Nasal,0.1977,0.456,5.8e-8,3.38e-5,enriched
ASPM,Nasal,0.2702,0.453,9.64e-4,0.0476,enriched
TRPS1,Nasal,0.222,0.451,7.18e-5,0.0067,enriched
ISYNA1,Nasal,0.5512,0.449,2.95e-6,5.7e-4,enriched
DNAAF4,Nasal,0.0585,0.447,5.11e-4,0.0305,enriched
ARL4C,Nasal,0.1865,0.445,8.57e-4,0.044,enriched
ERC2,Nasal,0.161,0.442,1.09e-4,0.00909,enriched
AGTRAP,Nasal,0.139,0.438,3.98e-5,0.00431,enriched
CTXN1,Nasal,0.1651,0.435,1.95e-5,0.00246,enriched
DENND6B,Nasal,0.0662,0.435,5.4e-4,0.0317,enriched
VAX2,Nasal,0.1516,0.433,8.25e-5,0.00735,enriched
PAX6,Nasal,1.3676,0.432,6.08e-5,0.0059,enriched
TEX9,Nasal,0.1742,0.429,6.48e-5,0.00618,enriched
SEMA6A,Nasal,0.29,0.427,2.3e-4,0.0163,enriched
TMEM67,Nasal,0.1807,0.427,1.4e-5,0.00189,enriched
DMD,Nasal,0.1076,0.427,1.64e-4,0.0125,enriched
LRRN1,Nasal,0.228,0.426,7.87e-4,0.0412,enriched
GRIA4,Nasal,0.4253,0.425,2.97e-4,0.0198,enriched
CRB2,Nasal,0.2965,0.42,2.55e-4,0.0176,enriched
TBX2-AS1,Nasal,0.4159,0.416,8.05e-4,0.0419,enriched
RIN2,Nasal,0.2135,0.416,2.8e-4,0.0189,enriched
FRMD4B,Nasal,0.3535,0.415,1.38e-5,0.00188,enriched
GYG1,Nasal,0.2001,0.414,5.77e-5,0.00561,enriched
REEP2,Nasal,0.0758,0.414,5.87e-4,0.0335,enriched
APLP1,Nasal,0.121,0.411,1.7e-5,0.00224,enriched
ELFN1,Nasal,0.1579,0.408,4.18e-5,0.00445,enriched
EGFR,Nasal,0.2706,0.407,8.39e-6,0.00127,enriched
MEIS1,Nasal,0.6854,0.401,7.27e-5,0.00675,enriched
ZBTB38,Nasal,0.1131,0.401,5.61e-4,0.0325,enriched
CXXC5,Nasal,0.4636,0.398,4.41e-5,0.00464,enriched
METRN,Nasal,0.5688,0.398,2.89e-5,0.00343,enriched
IQCK,Nasal,0.1583,0.397,3.28e-4,0.0213,enriched
TMEM231,Nasal,0.151,0.397,5.22e-4,0.0311,enriched
APOLD1,Nasal,0.1023,0.393,3.65e-4,0.0232,enriched
CCDC57,Nasal,0.1104,0.391,7.28e-4,0.0388,enriched
DCBLD2,Nasal,0.6494,0.389,1.41e-4,0.0113,enriched
FAM13C,Nasal,0.2444,0.389,2.9e-4,0.0194,enriched
OTULIN,Nasal,0.1211,0.388,3.32e-5,0.00384,enriched
NR2F1-AS1,Nasal,0.2046,0.386,8.08e-5,0.00722,enriched
SSFA2,Nasal,0.1173,0.386,6.18e-5,0.00594,enriched
EFNA4,Nasal,0.0902,0.385,9.6e-5,0.00827,enriched
TTF2,Nasal,0.2134,0.382,2.04e-4,0.015,enriched
ARL4A,Nasal,0.2329,0.382,1.69e-4,0.0129,enriched
PALLD,Nasal,0.4112,0.381,2.23e-6,4.73e-4,enriched
AL450998.2,Nasal,0.1208,0.38,8.62e-5,0.00757,enriched
SALL2,Nasal,0.0681,0.38,8.83e-4,0.045,enriched
COTL1,Nasal,0.3822,0.38,3.99e-5,0.00431,enriched
URI1,Nasal,0.5493,0.378,1.13e-5,0.00162,enriched
RFC5,Nasal,0.2449,0.371,7.17e-4,0.0383,enriched
SPATA6,Nasal,0.1512,0.369,3.61e-4,0.0231,enriched
RBP1,Nasal,1.3713,0.367,5.67e-7,1.81e-4,enriched
ADGRB3,Nasal,0.4528,0.366,8.41e-5,0.00745,enriched
VPS13A,Nasal,0.1488,0.363,3.52e-4,0.0226,enriched
CENPF,Nasal,0.5133,0.362,5.65e-4,0.0327,enriched
MEGF8,Nasal,0.0896,0.362,4.13e-4,0.0254,enriched
RNF157,Nasal,0.1096,0.359,2.48e-4,0.0172,enriched
CCND1,Nasal,1.3966,0.358,2.93e-4,0.0195,enriched
PRKAA2,Nasal,0.1813,0.355,5.34e-4,0.0315,enriched
TRAF3IP1,Nasal,0.1399,0.354,3.85e-5,0.00426,enriched
GLI3,Nasal,0.3341,0.352,1.25e-5,0.00176,enriched
WDR54,Nasal,0.4067,0.351,1.38e-4,0.0112,enriched
SEMA5A,Nasal,0.453,0.347,7.45e-4,0.0394,enriched
GULP1,Nasal,0.4292,0.34,1.08e-4,0.00902,enriched
CPE,Nasal,0.6613,0.34,3.94e-5,0.00429,enriched
SIGIRR,Nasal,0.2751,0.34,4.67e-6,7.94e-4,enriched
RNF175,Nasal,0.148,0.339,2.22e-4,0.0159,enriched
MKI67,Nasal,0.2991,0.339,9.36e-4,0.0469,enriched
KDM6B,Nasal,0.0862,0.338,5.57e-4,0.0325,enriched
IFT57,Nasal,0.3374,0.337,3.38e-5,0.00391,enriched
PRRT2,Nasal,0.3021,0.337,9.91e-4,0.0485,enriched
CNOT10,Nasal,0.4254,0.335,8.87e-5,0.00777,enriched
TOP2A,Nasal,0.5451,0.335,7.3e-4,0.0389,enriched
REC8,Nasal,0.2446,0.332,7.02e-4,0.0382,enriched
NAT14,Nasal,0.1693,0.332,2.88e-4,0.0193,enriched
ODF2L,Nasal,0.4896,0.331,3.64e-6,6.72e-4,enriched
C8orf76,Nasal,0.1387,0.331,4.28e-4,0.0261,enriched
SSBP4,Nasal,0.4776,0.327,1.98e-7,8.79e-5,enriched
FADS1,Nasal,0.6292,0.325,5.22e-4,0.0311,enriched
RNF182,Nasal,0.1284,0.324,5.27e-4,0.0312,enriched
LINC01833,Nasal,0.3303,0.323,7.35e-4,0.039,enriched
CEP41,Nasal,0.2599,0.321,7.03e-4,0.0382,enriched
SCLT1,Nasal,0.2633,0.32,1.95e-4,0.0145,enriched
LMBRD1,Nasal,0.2283,0.32,1.71e-4,0.013,enriched
ZADH2,Nasal,0.1035,0.32,6.64e-4,0.0368,enriched
PPA1,Nasal,0.7915,0.317,6e-4,0.0342,enriched
LCA5,Nasal,0.30620000000000003,0.315,6.41e-4,0.0359,enriched
TCTEX1D2,Nasal,0.3413,0.313,3.8e-5,0.00424,enriched
PCDH7,Nasal,0.8646,0.312,1.61e-4,0.0124,enriched
FAM92A,Nasal,0.1828,0.31,2.22e-4,0.0159,enriched
SRGAP3,Nasal,0.6513,0.308,7.05e-4,0.0382,enriched
TNRC6B,Nasal,0.746,0.308,6.32e-7,1.85e-4,enriched
ZFHX3,Nasal,0.205,0.307,9.74e-5,0.00833,enriched
PKP4,Nasal,0.3488,0.306,9.71e-4,0.0479,enriched
AHI1,Nasal,0.6687,0.301,3.19e-6,6.1e-4,enriched
IFT22,Nasal,0.3333,0.292,2.58e-5,0.00308,enriched
DPCD,Nasal,0.1695,0.29,2.1e-4,0.0153,enriched
HMGCS1,Nasal,0.5709,0.287,4.04e-4,0.025,enriched
FAM161A,Nasal,0.3798,0.286,7.06e-4,0.0382,enriched
IRAK1BP1,Nasal,0.1453,0.286,8.93e-4,0.0453,enriched
ARL13B,Nasal,0.1929,0.285,5.24e-4,0.0311,enriched
IMMP1L,Nasal,0.3924,0.285,3.95e-5,0.00429,enriched
SPATA33,Nasal,0.1953,0.284,1.44e-4,0.0114,enriched
CLCN3,Nasal,0.2816,0.274,6.95e-5,0.00653,enriched
SOX11,Nasal,0.7646,0.272,2.01e-4,0.0149,enriched
IFT43,Nasal,0.2294,0.27,3.44e-4,0.0222,enriched
HMGN3,Nasal,1.2856,0.268,5e-5,0.00508,enriched
PNMA1,Nasal,0.3833,0.26,1.33e-4,0.0108,enriched
BCL11A,Nasal,0.2445,0.255,7.12e-4,0.0382,enriched
ZC3H6,Nasal,0.1617,0.251,8.9e-4,0.0453,enriched
BAZ2B,Nasal,0.9182,0.246,1.82e-4,0.0137,enriched
ZFP36L2,Nasal,1.1168,0.243,3.58e-4,0.0229,enriched
LBR,Nasal,0.3589,0.242,9.86e-4,0.0483,enriched
DNMT3A,Nasal,0.2323,0.238,3.5e-4,0.0226,enriched
PBX1,Nasal,0.6238,0.233,3.92e-4,0.0246,enriched
ENO1,Nasal,1.2174,0.228,6.37e-4,0.0358,enriched
DNAJC19,Nasal,0.4823,0.228,4.05e-4,0.025,enriched
LMAN1,Nasal,0.7279,0.227,9.59e-4,0.0475,enriched
CHD4,Nasal,0.4489,0.215,9.18e-4,0.0462,enriched
TUT4,Nasal,0.5063,0.214,4.01e-4,0.0249,enriched
DDAH2,Nasal,0.7589,0.21,1.78e-5,0.0023,enriched
SQLE,Nasal,0.5878,0.21,8.3e-4,0.043,enriched
MZT1,Nasal,0.3264,0.21,9.08e-4,0.0459,enriched
C1QTNF4,Nasal,0.3421,0.207,2.57e-4,0.0176,enriched
PABPN1,Nasal,0.5612,0.205,3.84e-4,0.0243,enriched
SRSF9,Nasal,1.0172,0.201,5.82e-4,0.0333,enriched
MDK,Nasal,2.0697,0.194,1.79e-4,0.0135,enriched
C4orf48,Nasal,0.4591,0.19,0.00101,0.049,enriched
H1FX,Nasal,1.0478,0.175,9.49e-4,0.0472,enriched
ZNF706,Nasal,0.6133,0.17,8.57e-4,0.044,enriched
LUC7L3,Nasal,1.2866,0.168,9.19e-4,0.0462,enriched
PTMS,Nasal,1.0178,0.167,7.69e-4,0.0405,enriched
HP1BP3,Nasal,0.7066,0.159,9.49e-4,0.0472,enriched
MT-ND1,Nasal,2.1913,-0.195,1.94e-4,0.0145,de-enriched
SEPT11,Nasal,0.4403,-0.198,5.35e-4,0.0315,de-enriched
SEC31A,Nasal,0.2658,-0.212,7.49e-4,0.0395,de-enriched
FKBP4,Nasal,0.38,-0.216,8.91e-4,0.0453,de-enriched
MYL12A,Nasal,0.6353,-0.244,5.78e-4,0.0332,de-enriched
COPS6,Nasal,0.4013,-0.249,2.17e-4,0.0156,de-enriched
ZNF385D,Nasal,0.7361,-0.254,5.72e-4,0.0331,de-enriched
COX19,Nasal,0.2347,-0.254,6.35e-4,0.0357,de-enriched
CD99,Nasal,0.44,-0.256,2.35e-5,0.00284,de-enriched
SSR2,Nasal,0.933,-0.261,9.47e-7,2.46e-4,de-enriched
VIM,Nasal,3.0968,-0.275,9.92e-7,2.53e-4,de-enriched
LITAF,Nasal,0.2259,-0.276,5.53e-5,0.00546,de-enriched
C3orf58,Nasal,0.1344,-0.276,4.7e-4,0.0282,de-enriched
GPM6B,Nasal,0.6311,-0.28,4.84e-4,0.029,de-enriched
CYR61,Nasal,0.7766,-0.281,3.11e-4,0.0205,de-enriched
TMTC2,Nasal,0.5804,-0.299,3.38e-4,0.0219,de-enriched
FHL1,Nasal,0.2582,-0.306,4.05e-5,0.00436,de-enriched
FABP5,Nasal,0.9139,-0.308,7.48e-6,0.00116,de-enriched
PHLDA1,Nasal,0.0854,-0.308,6.57e-4,0.0366,de-enriched
SPARC,Nasal,0.6925,-0.317,1.86e-4,0.014,de-enriched
CALD1,Nasal,0.8261,-0.317,1.36e-5,0.00185,de-enriched
HSPA8,Nasal,1.0631,-0.319,1.19e-6,2.87e-4,de-enriched
EPB41L2,Nasal,0.404,-0.334,6.23e-5,0.00597,de-enriched
FRYL,Nasal,0.42,-0.338,1.82e-4,0.0137,de-enriched
LAP3,Nasal,0.1274,-0.339,1.43e-4,0.0114,de-enriched
MPPED2,Nasal,0.3918,-0.364,1.95e-6,4.24e-4,de-enriched
DST,Nasal,0.4282,-0.365,5.59e-5,0.00549,de-enriched
CLK1,Nasal,0.5278,-0.366,7.45e-5,0.00681,de-enriched
SETBP1,Nasal,0.1549,-0.368,1.02e-4,0.00862,de-enriched
PDZRN3,Nasal,0.1635,-0.369,7.34e-4,0.039,de-enriched
EFEMP2,Nasal,0.1688,-0.369,6.95e-5,0.00653,de-enriched
LRP1,Nasal,0.2385,-0.372,5.57e-5,0.00549,de-enriched
NDRG1,Nasal,0.1312,-0.373,9.35e-5,0.00811,de-enriched
LASP1,Nasal,0.1966,-0.373,2.87e-6,5.61e-4,de-enriched
CMTM6,Nasal,0.5278,-0.378,1.14e-4,0.00949,de-enriched
GYPC,Nasal,0.1351,-0.38,3.63e-4,0.0232,de-enriched
ATRNL1,Nasal,0.2155,-0.381,7.56e-5,0.00684,de-enriched
PDLIM4,Nasal,0.1473,-0.382,2.24e-5,0.00273,de-enriched
KIZ,Nasal,0.2442,-0.388,6.78e-6,0.00109,de-enriched
DDHD1,Nasal,0.3838,-0.393,2.07e-5,0.00259,de-enriched
GHITM,Nasal,0.3827,-0.396,3.59e-6,6.68e-4,de-enriched
TCF4,Nasal,0.8072,-0.396,1.92e-7,8.66e-5,de-enriched
PTPRZ1,Nasal,0.5271,-0.397,9.44e-4,0.0471,de-enriched
NES,Nasal,0.3557,-0.407,5.5e-7,1.81e-4,de-enriched
TRAK1,Nasal,0.2251,-0.409,6.15e-5,0.00593,de-enriched
ROBO1,Nasal,0.2722,-0.413,6.13e-4,0.0347,de-enriched
NRXN1,Nasal,0.1104,-0.414,2.77e-4,0.0187,de-enriched
TMTC1,Nasal,0.271,-0.414,3.1e-4,0.0205,de-enriched
CALM1,Nasal,0.9211,-0.417,1.93e-6,4.23e-4,de-enriched
GADD45B,Nasal,0.2158,-0.422,7.32e-5,0.00676,de-enriched
NKX6-2,Nasal,0.0908,-0.425,6.58e-4,0.0366,de-enriched
GSN,Nasal,0.0954,-0.428,2.81e-4,0.019,de-enriched
COL4A1,Nasal,0.2578,-0.428,5.52e-5,0.00546,de-enriched
ZDBF2,Nasal,0.0641,-0.43,7.2e-4,0.0385,de-enriched
ZBTB18,Nasal,0.0967,-0.434,3.64e-4,0.0232,de-enriched
NENF,Nasal,0.3964,-0.443,1.53e-8,1.3e-5,de-enriched
SEPT6,Nasal,0.1416,-0.444,1.89e-6,4.2e-4,de-enriched
SERPINF1,Nasal,0.0984,-0.446,2.02e-4,0.015,de-enriched
FSTL1,Nasal,0.2943,-0.453,1.1e-4,0.00916,de-enriched
QDPR,Nasal,0.223,-0.453,1.18e-4,0.00973,de-enriched
IGFBP4,Nasal,0.1415,-0.456,5.6e-4,0.0325,de-enriched
LY6E,Nasal,0.1325,-0.459,2.74e-4,0.0186,de-enriched
MDFI,Nasal,0.0717,-0.462,6.21e-4,0.0351,de-enriched
COCH,Nasal,0.174,-0.462,2.28e-4,0.0162,de-enriched
FAM184B,Nasal,0.2123,-0.468,3.64e-6,6.72e-4,de-enriched
SERTAD1,Nasal,0.1448,-0.469,8.77e-4,0.0448,de-enriched
CREB5,Nasal,0.2106,-0.47,2.45e-4,0.017,de-enriched
CSPG5,Nasal,0.1338,-0.472,7.17e-5,0.0067,de-enriched
KCTD8,Nasal,0.3081,-0.476,8.38e-5,0.00745,de-enriched
TTLL4,Nasal,0.0747,-0.483,8.63e-4,0.0443,de-enriched
PCDH10,Nasal,0.0717,-0.483,4.16e-4,0.0255,de-enriched
MTUS1,Nasal,0.1267,-0.484,6.11e-5,0.0059,de-enriched
SPATS2L,Nasal,0.1306,-0.485,7.29e-5,0.00675,de-enriched
PDLIM2,Nasal,0.1037,-0.489,4.41e-6,7.66e-4,de-enriched
MYO10,Nasal,0.2529,-0.499,3.34e-6,6.32e-4,de-enriched
TUBB6,Nasal,0.1303,-0.499,2.92e-4,0.0195,de-enriched
C1R,Nasal,0.038,-0.503,5.77e-4,0.0332,de-enriched
C11orf96,Nasal,0.0491,-0.511,4.25e-5,0.00451,de-enriched
RGS16,Nasal,0.2207,-0.516,4.14e-8,2.67e-5,de-enriched
PLPPR1,Nasal,0.2664,-0.518,2.49e-5,0.00298,de-enriched
INF2,Nasal,0.0395,-0.519,9.94e-4,0.0486,de-enriched
NEK6,Nasal,0.0629,-0.528,3.9e-4,0.0246,de-enriched
WLS,Nasal,0.0422,-0.535,7.38e-4,0.0391,de-enriched
MYL9,Nasal,0.0875,-0.541,7.44e-5,0.00681,de-enriched
CA14,Nasal,0.2061,-0.542,9.64e-5,0.00828,de-enriched
THSD7B,Nasal,0.1057,-0.542,7.14e-4,0.0383,de-enriched
AKAP12,Nasal,0.4806,-0.546,3.15e-5,0.00368,de-enriched
LHFPL6,Nasal,0.0789,-0.551,1.22e-4,0.01,de-enriched
GALNT13,Nasal,0.2986,-0.552,5.72e-5,0.00558,de-enriched
NEUROD1,Nasal,0.0531,-0.554,3.41e-5,0.00392,de-enriched
BEX1,Nasal,0.7945,-0.558,7.28e-5,0.00675,de-enriched
NFIB,Nasal,0.177,-0.563,1.42e-4,0.0114,de-enriched
BICC1,Nasal,0.1153,-0.564,5.73e-4,0.0331,de-enriched
KCTD12,Nasal,0.0938,-0.566,1.03e-6,2.58e-4,de-enriched
CTGF,Nasal,0.3609,-0.566,7.78e-6,0.00119,de-enriched
CRYGD,Nasal,0.7043,-0.57,2.2e-5,0.00271,de-enriched
FLNC,Nasal,0.0367,-0.572,4.33e-4,0.0263,de-enriched
TNS2,Nasal,0.0404,-0.573,3.31e-4,0.0215,de-enriched
S100A11,Nasal,0.2705,-0.574,4.46e-5,0.00468,de-enriched
PPFIA2,Nasal,0.2132,-0.576,3.6e-5,0.00409,de-enriched
EPHA5,Nasal,0.5539,-0.578,1.12e-5,0.00161,de-enriched
IER3,Nasal,0.0646,-0.58,7.83e-4,0.0411,de-enriched
IRF1,Nasal,0.0524,-0.583,6.74e-5,0.00639,de-enriched
LAMB1,Nasal,0.0707,-0.583,2.44e-4,0.017,de-enriched
ARID5B,Nasal,0.2417,-0.583,1.48e-6,3.41e-4,de-enriched
PPP1R3C,Nasal,0.0458,-0.586,7.9e-4,0.0413,de-enriched
LGI4,Nasal,0.1416,-0.588,1.3e-6,3.06e-4,de-enriched
ZCCHC24,Nasal,0.0289,-0.593,9.54e-4,0.0474,de-enriched
DAB2,Nasal,0.0475,-0.594,1.63e-4,0.0125,de-enriched
TAGLN,Nasal,0.0533,-0.6,6.89e-4,0.0379,de-enriched
RFTN2,Nasal,0.0399,-0.609,4.03e-4,0.025,de-enriched
PCOLCE,Nasal,0.2009,-0.612,1.06e-8,9.29e-6,de-enriched
SOSTDC1,Nasal,0.0257,-0.616,4.25e-4,0.0259,de-enriched
EHD4,Nasal,0.0436,-0.616,1.69e-4,0.0129,de-enriched
PRKCA,Nasal,0.0858,-0.617,3.95e-4,0.0247,de-enriched
RUNX1T1,Nasal,0.0746,-0.619,1.2e-4,0.00991,de-enriched
NR4A1,Nasal,0.1617,-0.623,1.35e-7,6.5e-5,de-enriched
COL1A2,Nasal,0.5407,-0.625,8.28e-4,0.043,de-enriched
EBF1,Nasal,0.0697,-0.627,9.16e-4,0.0462,de-enriched
LINC00511,Nasal,0.1538,-0.632,1.29e-4,0.0106,de-enriched
COL21A1,Nasal,0.0716,-0.637,6.16e-4,0.0349,de-enriched
ITGB5,Nasal,0.1004,-0.64,3.73e-5,0.00419,de-enriched
GUCY1A2,Nasal,0.0737,-0.64,8.51e-4,0.0439,de-enriched
FBLN2,Nasal,0.0521,-0.643,1e-4,0.00853,de-enriched
FIBIN,Nasal,0.0339,-0.644,5.34e-4,0.0315,de-enriched
LAMA4,Nasal,0.0615,-0.645,2.99e-4,0.0198,de-enriched
RCN3,Nasal,0.0331,-0.649,1.53e-4,0.0119,de-enriched
ETS2,Nasal,0.0319,-0.65,1.02e-4,0.00864,de-enriched
EYA1,Nasal,0.0498,-0.657,1.6e-4,0.0123,de-enriched
LAMP5,Nasal,0.1005,-0.659,4.61e-5,0.00479,de-enriched
FN1,Nasal,0.1466,-0.661,3.14e-4,0.0206,de-enriched
TSHZ2,Nasal,0.0796,-0.668,4.13e-5,0.00442,de-enriched
CEBPD,Nasal,0.1031,-0.669,2.03e-6,4.41e-4,de-enriched
COL5A2,Nasal,0.2326,-0.67,1.68e-8,1.39e-5,de-enriched
CDH12,Nasal,0.0998,-0.672,4.67e-5,0.00481,de-enriched
SLIT3,Nasal,0.0457,-0.674,7.08e-4,0.0382,de-enriched
LIMA1,Nasal,0.0851,-0.674,2.49e-6,5.06e-4,de-enriched
PCDH18,Nasal,0.1314,-0.685,4.11e-8,2.67e-5,de-enriched
SOX6,Nasal,0.0622,-0.685,3.43e-4,0.0222,de-enriched
GATB,Nasal,0.1578,-0.688,1.3e-4,0.0107,de-enriched
VGLL3,Nasal,0.055,-0.69,1.46e-4,0.0115,de-enriched
TWIST1,Nasal,0.1023,-0.69,1.95e-5,0.00246,de-enriched
FOXC1,Nasal,0.069,-0.694,1.33e-5,0.00183,de-enriched
PHLDA3,Nasal,0.0454,-0.695,6.63e-6,0.00108,de-enriched
MMP14,Nasal,0.05,-0.699,9e-6,0.00134,de-enriched
OLFML2B,Nasal,0.0304,-0.707,6.44e-4,0.036,de-enriched
FAM110B,Nasal,0.1723,-0.709,1.04e-8,9.29e-6,de-enriched
ZFP36,Nasal,0.1232,-0.711,7.25e-7,2.01e-4,de-enriched
STOM,Nasal,0.042,-0.712,1.33e-5,0.00183,de-enriched
TJP2,Nasal,0.1279,-0.719,4.4e-5,0.00464,de-enriched
TRIL,Nasal,0.0224,-0.722,2.72e-4,0.0185,de-enriched
NFIA,Nasal,0.2277,-0.723,2.4e-6,4.94e-4,de-enriched
TGFBI,Nasal,0.1108,-0.725,5.28e-5,0.00528,de-enriched
NDNF,Nasal,0.029,-0.726,8.83e-4,0.045,de-enriched
BGN,Nasal,0.0476,-0.73,3.92e-5,0.00429,de-enriched
COL6A2,Nasal,0.2202,-0.732,8.53e-7,2.32e-4,de-enriched
COL8A2,Nasal,0.0316,-0.733,2.35e-4,0.0164,de-enriched
CDC42EP5,Nasal,0.0916,-0.739,1.75e-7,7.98e-5,de-enriched
IGFBP6,Nasal,0.0654,-0.741,3.6e-5,0.00409,de-enriched
COL5A1,Nasal,0.1345,-0.742,2.53e-6,5.1e-4,de-enriched
IGFBP7,Nasal,0.0766,-0.743,1.11e-5,0.0016,de-enriched
NRG1,Nasal,0.081,-0.743,4.98e-6,8.43e-4,de-enriched
LINC00461,Nasal,0.3641,-0.75,4.64e-7,1.67e-4,de-enriched
CPED1,Nasal,0.0428,-0.753,2.13e-4,0.0154,de-enriched
ACTA1,Nasal,0.0478,-0.754,8.42e-4,0.0436,de-enriched
SORBS1,Nasal,0.1155,-0.754,7.95e-5,0.00712,de-enriched
IL11RA,Nasal,0.1165,-0.755,9.94e-7,2.53e-4,de-enriched
SPON1,Nasal,0.2399,-0.755,4.22e-6,7.5e-4,de-enriched
PROX1,Nasal,0.0329,-0.757,2.06e-4,0.0151,de-enriched
THBS4,Nasal,0.0443,-0.759,4.56e-4,0.0275,de-enriched
SEMA3C,Nasal,0.032,-0.759,8.95e-5,0.00782,de-enriched
EDNRA,Nasal,0.0535,-0.764,1.53e-4,0.0119,de-enriched
PRR16,Nasal,0.1466,-0.764,5.55e-7,1.81e-4,de-enriched
KDR,Nasal,0.1081,-0.765,7.19e-7,2.01e-4,de-enriched
CTHRC1,Nasal,0.104,-0.766,2.44e-8,1.8e-5,de-enriched
RBMS3,Nasal,0.0462,-0.768,3.74e-5,0.00419,de-enriched
EMILIN1,Nasal,0.0807,-0.769,1.07e-4,0.00898,de-enriched
IFI16,Nasal,0.0242,-0.77,8.98e-4,0.0455,de-enriched
DKK2,Nasal,0.0399,-0.77,1.31e-5,0.00182,de-enriched
FCGRT,Nasal,0.1047,-0.772,4.81e-7,1.69e-4,de-enriched
MCAM,Nasal,0.149,-0.774,2.12e-9,3.01e-6,de-enriched
DACT3,Nasal,0.0677,-0.776,4.25e-6,7.51e-4,de-enriched
SELENOM,Nasal,0.0716,-0.777,4.86e-7,1.69e-4,de-enriched
CLMP,Nasal,0.0382,-0.783,6.92e-4,0.038,de-enriched
SNAI2,Nasal,0.019,-0.789,0.00101,0.049,de-enriched
TXNIP,Nasal,0.1139,-0.791,7.57e-6,0.00117,de-enriched
SOCS1,Nasal,0.0441,-0.794,2.6e-5,0.00309,de-enriched
CD44,Nasal,0.0706,-0.798,2.91e-6,5.65e-4,de-enriched
COL1A1,Nasal,0.568,-0.807,6.36e-8,3.65e-5,de-enriched
LGALS1,Nasal,0.5286,-0.812,9.32e-5,0.00811,de-enriched
S100A10,Nasal,0.2334,-0.817,9.18e-6,0.00137,de-enriched
LOX,Nasal,0.0587,-0.822,3.46e-6,6.5e-4,de-enriched
ERBB4,Nasal,0.1914,-0.823,4.38e-5,0.00464,de-enriched
CRYGB,Nasal,0.061,-0.824,5.52e-4,0.0323,de-enriched
DNM3OS,Nasal,0.0266,-0.825,2.1e-4,0.0153,de-enriched
MMP2,Nasal,0.0777,-0.827,5.15e-5,0.00518,de-enriched
WNT5B,Nasal,0.2342,-0.829,8.02e-8,4.42e-5,de-enriched
IGFBP3,Nasal,0.021,-0.834,8.27e-4,0.043,de-enriched
NID2,Nasal,0.0228,-0.839,2.04e-4,0.015,de-enriched
TWIST2,Nasal,0.0437,-0.84,4.61e-6,7.89e-4,de-enriched
ABHD12B,Nasal,0.0187,-0.843,9.82e-4,0.0483,de-enriched
CXCL12,Nasal,0.0722,-0.845,1.09e-4,0.00909,de-enriched
PRRX2,Nasal,0.0393,-0.846,1.38e-6,3.22e-4,de-enriched
NRP2,Nasal,0.0554,-0.848,4.07e-6,7.35e-4,de-enriched
OLFML3,Nasal,0.067,-0.851,6.43e-7,1.86e-4,de-enriched
NKD2,Nasal,0.0305,-0.851,4.58e-5,0.00477,de-enriched
SEPT4,Nasal,0.037,-0.854,1.6e-5,0.00212,de-enriched
CRYBB2,Nasal,0.2246,-0.855,3.56e-6,6.66e-4,de-enriched
COL16A1,Nasal,0.0547,-0.86,1.88e-5,0.0024,de-enriched
PDGFRL,Nasal,0.044,-0.862,4.08e-5,0.00438,de-enriched
TLL1,Nasal,0.0846,-0.865,1.58e-4,0.0122,de-enriched
CRYGS,Nasal,0.2617,-0.866,5.67e-5,0.00555,de-enriched
TMEM119,Nasal,0.0269,-0.868,9.97e-5,0.0085,de-enriched
MOXD1,Nasal,0.0449,-0.87,3.47e-5,0.00398,de-enriched
COL3A1,Nasal,0.4216,-0.876,9.1e-11,3.59e-7,de-enriched
NRP1,Nasal,0.0644,-0.88,1.21e-6,2.91e-4,de-enriched
FMOD,Nasal,0.029,-0.882,1.45e-4,0.0115,de-enriched
RARB,Nasal,0.1457,-0.885,4.81e-8,3e-5,de-enriched
SERPINB9,Nasal,0.0272,-0.893,7.12e-4,0.0382,de-enriched
HEY2,Nasal,0.0137,-0.895,5.22e-4,0.0311,de-enriched
GADD45G,Nasal,0.1024,-0.895,8.67e-7,2.34e-4,de-enriched
MFAP4,Nasal,0.1186,-0.909,5.34e-8,3.22e-5,de-enriched
C1QTNF2,Nasal,0.021,-0.918,2.08e-4,0.0152,de-enriched
COL12A1,Nasal,0.1134,-0.92,5.11e-6,8.61e-4,de-enriched
CRYBA2,Nasal,0.202,-0.926,1.11e-5,0.0016,de-enriched
PITX2,Nasal,0.0507,-0.926,9.63e-6,0.00143,de-enriched
PLP1,Nasal,0.2114,-0.929,5.91e-7,1.81e-4,de-enriched
EDN3,Nasal,0.0198,-0.929,1.52e-4,0.0119,de-enriched
ADAMTSL1,Nasal,0.0608,-0.933,2.22e-5,0.00272,de-enriched
PRRX1,Nasal,0.0676,-0.936,6.29e-7,1.85e-4,de-enriched
FABP7,Nasal,0.4214,-0.937,6e-7,1.82e-4,de-enriched
PID1,Nasal,0.0165,-0.941,3.95e-4,0.0247,de-enriched
SRPX,Nasal,0.0408,-0.941,4.37e-6,7.66e-4,de-enriched
FBLN5,Nasal,0.047,-0.942,1.9e-6,4.2e-4,de-enriched
SGCD,Nasal,0.0242,-0.943,1.26e-5,0.00176,de-enriched
FGF18,Nasal,0.0179,-0.945,7.61e-5,0.00686,de-enriched
CAVIN1,Nasal,0.039,-0.95,1.29e-6,3.05e-4,de-enriched
CRYGA,Nasal,0.1234,-0.95,2.99e-4,0.0198,de-enriched
RHBDL3,Nasal,0.0552,-0.957,7.03e-6,0.00112,de-enriched
ADAMTS5,Nasal,0.0143,-0.957,7.9e-4,0.0413,de-enriched
ASPN,Nasal,0.0517,-0.959,2.33e-6,4.84e-4,de-enriched
PMP22,Nasal,0.1016,-0.963,1.71e-10,4.81e-7,de-enriched
COL14A1,Nasal,0.0724,-0.965,5.72e-7,1.81e-4,de-enriched
SLC8A1,Nasal,0.1163,-0.966,1.2e-7,5.83e-5,de-enriched
CDKN1A,Nasal,0.0673,-0.966,1.73e-4,0.0131,de-enriched
PPP1R1C,Nasal,0.0461,-0.968,1.61e-7,7.64e-5,de-enriched
OSR2,Nasal,0.0747,-0.968,2.86e-7,1.16e-4,de-enriched
MIR22HG,Nasal,0.0325,-0.969,6.57e-5,0.00625,de-enriched
ADAM33,Nasal,0.0165,-0.97,1.4e-4,0.0112,de-enriched
CREB3L1,Nasal,0.02,-0.971,5.05e-5,0.00512,de-enriched
RARG,Nasal,0.0248,-0.974,3.75e-5,0.00419,de-enriched
TNFAIP6,Nasal,0.0104,-0.976,6.04e-4,0.0343,de-enriched
GAS2,Nasal,0.0484,-0.982,2.69e-6,5.31e-4,de-enriched
FOXL2,Nasal,0.0284,-0.99,5.34e-5,0.00532,de-enriched
PENK,Nasal,0.0414,-0.997,6.96e-6,0.00111,de-enriched
EBF2,Nasal,0.0151,-0.998,7.83e-4,0.0411,de-enriched
EGFL6,Nasal,0.0701,-1.005,2.84e-7,1.16e-4,de-enriched
DLC1,Nasal,0.0327,-1.01,6.63e-6,0.00108,de-enriched
MYL3,Nasal,0.0104,-1.025,7.92e-4,0.0413,de-enriched
ALX1,Nasal,0.0305,-1.029,1.06e-5,0.00155,de-enriched
ISLR,Nasal,0.0365,-1.031,7.49e-5,0.00682,de-enriched
CRYBA4,Nasal,0.3505,-1.038,9.19e-7,2.44e-4,de-enriched
OLFML1,Nasal,0.0149,-1.039,8.45e-5,0.00746,de-enriched
NFIX,Nasal,0.0433,-1.039,1.19e-6,2.87e-4,de-enriched
ALPL,Nasal,0.0078,-1.043,8.57e-4,0.044,de-enriched
LUM,Nasal,0.2382,-1.044,2.94e-7,1.17e-4,de-enriched
SIX1,Nasal,0.0201,-1.045,9.18e-5,0.008,de-enriched
GRID2,Nasal,0.3419,-1.056,1.08e-7,5.43e-5,de-enriched
PIEZO2,Nasal,0.0602,-1.061,2.24e-8,1.7e-5,de-enriched
COL6A3,Nasal,0.0729,-1.067,5.59e-9,5.68e-6,de-enriched
CAPN6,Nasal,0.0201,-1.069,5.16e-5,0.00518,de-enriched
ETS1,Nasal,0.0106,-1.071,7.06e-4,0.0382,de-enriched
CRYGC,Nasal,0.3856,-1.078,1.1e-5,0.0016,de-enriched
CITED1,Nasal,0.0121,-1.08,9.61e-5,0.00827,de-enriched
PLAT,Nasal,0.0463,-1.082,1.58e-6,3.58e-4,de-enriched
NR4A3,Nasal,0.0626,-1.086,1.55e-5,0.00207,de-enriched
PITX1,Nasal,0.0432,-1.087,3.47e-7,1.31e-4,de-enriched
CRYBB1,Nasal,0.306,-1.093,1.36e-5,0.00185,de-enriched
CYP26A1,Nasal,0.0907,-1.097,1.03e-5,0.00151,de-enriched
CRYBA1,Nasal,0.3622,-1.098,9.4e-5,0.00813,de-enriched
ENG,Nasal,0.0124,-1.1,0.00064899999999999995,0.0362,de-enriched
BMP3,Nasal,0.0228,-1.101,1.34e-4,0.0109,de-enriched
VCAM1,Nasal,0.0097,-1.105,5.98e-4,0.0342,de-enriched
ARSJ,Nasal,0.0204,-1.108,7.7e-5,0.00693,de-enriched
PLAC9,Nasal,0.1533,-1.113,3.84e-10,9.1e-7,de-enriched
OGN,Nasal,0.174,-1.123,1.09e-11,6.46e-8,de-enriched
MGP,Nasal,0.2101,-1.125,6.96e-10,1.52e-6,de-enriched
DCN,Nasal,0.3682,-1.127,3.77e-8,2.53e-5,de-enriched
HIC1,Nasal,0.0309,-1.13,9.53e-8,4.91e-5,de-enriched
TBX18,Nasal,0.0128,-1.131,5.47e-4,0.0321,de-enriched
HGF,Nasal,0.0069,-1.149,9.85e-4,0.0483,de-enriched
IRX5,Nasal,0.0303,-1.151,4.14e-7,1.52e-4,de-enriched
MXRA5,Nasal,0.0384,-1.153,1.24e-5,0.00175,de-enriched
PDGFRA,Nasal,0.0685,-1.158,2.16e-8,1.67e-5,de-enriched
EMCN,Nasal,0.0129,-1.158,2.91e-4,0.0195,de-enriched
CD34,Nasal,0.0165,-1.16,1.13e-5,0.00161,de-enriched
INKA1,Nasal,0.009,-1.172,6.96e-4,0.0381,de-enriched
ANGPT1,Nasal,0.0225,-1.18,3.14e-4,0.0206,de-enriched
ITM2A,Nasal,0.1585,-1.181,3.39e-8,2.32e-5,de-enriched
GRIN2A,Nasal,0.0113,-1.212,9.78e-4,0.0482,de-enriched
PLXDC1,Nasal,0.0111,-1.228,4.82e-5,0.00493,de-enriched
LRRN4CL,Nasal,0.0073,-1.233,2.8e-4,0.0189,de-enriched
LINC01133,Nasal,0.0107,-1.237,3.67e-4,0.0233,de-enriched
RSPO2,Nasal,0.0103,-1.242,4.05e-4,0.025,de-enriched
CGNL1,Nasal,0.0808,-1.243,6.66e-6,0.00108,de-enriched
MPZ,Nasal,0.0806,-1.253,2.11e-7,9.16e-5,de-enriched
SULT1E1,Nasal,0.0787,-1.259,2.43e-7,1.03e-4,de-enriched
SAT1,Nasal,0.4751,-1.292,1.06e-9,1.71e-6,de-enriched
ALDH1A2,Nasal,0.0117,-1.296,9.61e-4,0.0475,de-enriched
APOD,Nasal,0.0129,-1.302,9.43e-4,0.0471,de-enriched
SEMA3G,Nasal,0.0083,-1.311,3.24e-4,0.0212,de-enriched
POSTN,Nasal,0.2035,-1.318,1.8e-8,1.45e-5,de-enriched
LGSN,Nasal,0.0083,-1.327,1.29e-4,0.0106,de-enriched
ALX3,Nasal,0.0133,-1.402,1.95e-5,0.00246,de-enriched
INHBA,Nasal,0.0143,-1.405,8.81e-6,0.00132,de-enriched
TBX15,Nasal,0.0189,-1.447,2.54e-7,1.06e-4,de-enriched
MEOX1,Nasal,0.0134,-1.476,2.7e-6,5.31e-4,de-enriched
POU3F2,Nasal,0.0369,-1.499,5.58e-7,1.81e-4,de-enriched
FAP,Nasal,0.044,-1.535,3.52e-9,4.16e-6,de-enriched
MSC-AS1,Nasal,0.0058,-1.63,6.24e-4,0.0352,de-enriched
RLBP1,Nasal,0.0981,-1.636,4.18e-7,1.52e-4,de-enriched
ART3,Nasal,0.0206,-1.648,2.44e-5,0.00293,de-enriched
HMOX1,Nasal,0.0382,-1.665,6.73e-4,0.0373,de-enriched
LY6E-DT,Nasal,0.0032,-1.744,9.15e-4,0.0462,de-enriched
OLIG2,Nasal,0.0111,-1.773,2.16e-5,0.00268,de-enriched
PTGDS,Nasal,0.0112,-1.788,4.13e-4,0.0254,de-enriched
PCDH8,Nasal,0.0237,-2.093,1.9e-8,1.5e-5,de-enriched
C1orf61,Nasal,0.034,-2.113,2.15e-6,4.6e-4,de-enriched
PTGIR,Nasal,0.0021,-2.239,9.85e-4,0.0483,de-enriched
LRRC2,Nasal,0.0018,-2.252,5.4e-4,0.0317,de-enriched
FOXD1,Nasal,0.164,-3.428,1.23e-12,8.72e-9,de-enriched
EPHA3,Nasal,0.0698,-4.072,1.39e-10,4.74e-7,de-enriched
AC080011.1,Nasal,7e-4,-4.319,2.63e-4,0.0181,de-enriched
ALDH1A1,Dorsal,0.2897,5.34,3.2e-16,3.79e-12,enriched
TBX5,Dorsal,0.0454,3.708,6.72e-15,4.83e-11,enriched
TBX3,Dorsal,0.0415,3.384,6.78e-12,3.01e-8,enriched
TBX5-AS1,Dorsal,0.0105,3.261,7.92e-6,0.00762,enriched
KRT3,Dorsal,0.0062,2.989,1.02e-5,0.00865,enriched
EFNB2,Dorsal,0.277,2.747,6.79e-15,4.83e-11,enriched
MSX2,Dorsal,0.0075,2.42,2.2e-5,0.0137,enriched
EFNB1,Dorsal,0.093,2.215,4.4e-13,2.61e-9,enriched
AC087477.2,Dorsal,0.009,1.98,3.26e-5,0.0178,enriched
PDE11A,Dorsal,0.0206,1.756,1.73e-5,0.012,enriched
TBX2,Dorsal,0.3682,1.733,1.38e-8,4.09e-5,enriched
GDF6,Dorsal,0.0363,1.463,1.09e-6,0.00155,enriched
SLC16A6,Dorsal,0.0183,1.432,6.7e-6,0.00681,enriched
LGR6,Dorsal,0.0392,1.402,7.4e-7,0.0012,enriched
UNC5B,Dorsal,0.0158,1.37,1.35e-5,0.0102,enriched
AC209005.1,Dorsal,0.0134,1.287,4.84e-5,0.0227,enriched
C11orf88,Dorsal,0.0256,1.259,1.48e-5,0.0107,enriched
CRTAC1,Dorsal,0.0875,1.179,1.81e-5,0.0121,enriched
FAM183A,Dorsal,0.0329,1.165,1.43e-6,0.00196,enriched
CLEC19A,Dorsal,0.043,1.164,8.54e-7,0.00126,enriched
OLFM3,Dorsal,0.0604,1.135,1.34e-8,4.09e-5,enriched
NR2F2,Dorsal,0.2395,1.129,8.6e-11,3.4e-7,enriched
BAMBI,Dorsal,0.4005,1.036,5.35e-7,0.001,enriched
SAMD11,Dorsal,0.0931,1.017,1.88e-6,0.00239,enriched
BHLHE22,Dorsal,0.0677,1,9.86e-6,0.00855,enriched
SYT7,Dorsal,0.107,0.968,7.35e-5,0.0323,enriched
COL9A2,Dorsal,0.1281,0.952,2.26e-6,0.00277,enriched
PCSK1N,Dorsal,0.2109,0.917,7.39e-7,0.0012,enriched
SPHK1,Dorsal,0.124,0.896,2.74e-5,0.0165,enriched
LRRC10B,Dorsal,0.0474,0.842,5.37e-6,0.00579,enriched
PANK4,Dorsal,0.0424,0.833,1.15e-5,0.00907,enriched
SYT17,Dorsal,0.0509,0.819,1.75e-5,0.012,enriched
HMX1,Dorsal,0.5211,0.777,4.6e-7,9.08e-4,enriched
PALMD,Dorsal,0.0472,0.772,4.52e-5,0.0218,enriched
EID3,Dorsal,0.042,0.734,2.19e-5,0.0137,enriched
CDH6,Dorsal,0.2739,0.706,1.45e-5,0.0107,enriched
C5orf49,Dorsal,0.0568,0.686,3.36e-5,0.0178,enriched
APCDD1,Dorsal,0.0953,0.674,1.22e-5,0.0094,enriched
EFHD2,Dorsal,0.1128,0.673,2.8e-7,6.21e-4,enriched
SFRP2,Dorsal,1.7425,0.661,2.59e-7,6.14e-4,enriched
STRN,Dorsal,0.1015,0.645,8.76e-6,0.0082,enriched
ZNF506,Dorsal,0.0983,0.637,8.35e-7,0.00126,enriched
SYNPR,Dorsal,0.1918,0.633,4.56e-5,0.0218,enriched
GRIA4,Dorsal,0.4253,0.596,4.59e-5,0.0218,enriched
GJA1,Dorsal,0.2216,0.589,5.7e-6,0.00596,enriched
PLK4,Dorsal,0.0909,0.58,1.94e-5,0.0128,enriched
PIGS,Dorsal,0.0856,0.573,2.96e-5,0.017,enriched
TPPP3,Dorsal,0.3225,0.569,1.06e-4,0.0437,enriched
RAX,Dorsal,0.8685,0.562,3.83e-5,0.0195,enriched
CCND1,Dorsal,1.3966,0.553,9.59e-6,0.00853,enriched
MAN1A1,Dorsal,0.3108,0.513,7.34e-6,0.00725,enriched
COL13A1,Dorsal,0.1626,0.501,5.36e-5,0.0244,enriched
CCDC34,Dorsal,0.5926,0.489,2.11e-5,0.0136,enriched
PCDH7,Dorsal,0.8646,0.476,2.79e-5,0.0165,enriched
ID3,Dorsal,0.9788,0.47,4.59e-5,0.0218,enriched
MAB21L2,Dorsal,0.1306,0.467,4.54e-5,0.0218,enriched
ID1,Dorsal,0.7592,0.466,1.12e-5,0.00907,enriched
TCF12,Dorsal,0.5791,0.452,3.01e-5,0.017,enriched
DCLK1,Dorsal,0.2556,0.451,9.84e-5,0.0412,enriched
PJA1,Dorsal,0.1565,0.445,1.14e-5,0.00907,enriched
KLHDC8B,Dorsal,0.3086,0.442,3.1e-5,0.0172,enriched
CRIP2,Dorsal,0.2038,0.43,7.69e-5,0.0334,enriched
COL11A1,Dorsal,0.4562,0.41,3.4e-5,0.0178,enriched
ISYNA1,Dorsal,0.5512,0.409,2.96e-5,0.017,enriched
LMAN1,Dorsal,0.7279,0.328,2.55e-5,0.0157,enriched
ID2,Dorsal,0.588,0.323,6.67e-5,0.03,enriched
PPA1,Dorsal,0.7915,0.314,3.63e-5,0.0187,enriched
ENO1,Dorsal,1.2174,0.301,3.41e-5,0.0178,enriched
FAM32A,Dorsal,0.41,-0.334,8.73e-5,0.0369,de-enriched
SERPINF1,Dorsal,0.0984,-0.427,6.98e-5,0.031,de-enriched
GYPC,Dorsal,0.1351,-0.551,8.26e-5,0.0354,de-enriched
TPM1,Dorsal,0.3923,-0.568,1.51e-5,0.0107,de-enriched
PMEL,Dorsal,0.0605,-1.113,1.19e-4,0.0487,de-enriched
TENM3,Dorsal,0.6777,-1.193,5.19e-5,0.0239,de-enriched
BMPR1B,Dorsal,0.1154,-1.415,4.84e-8,1.23e-4,de-enriched
VAX2,Dorsal,0.1516,-1.582,6.3e-7,0.00112,de-enriched
CALB1,Dorsal,0.0764,-2.076,4.53e-7,9.08e-4,de-enriched
CLEC4F,Dorsal,0.024,-2.161,3.92e-6,0.00436,de-enriched
CHRDL1,Dorsal,0.0547,-2.526,3.32e-6,0.00394,de-enriched
ALDH1A3,Dorsal,0.0857,-5.289,4.01e-8,1.1e-4,de-enriched
APOA2,Dorsal,0.0028,-5.327,1.61e-19,5.74e-15,de-enriched
AFP,Dorsal,0.0014,-6.167,1.83e-16,3.25e-12,de-enriched
VAX1,Dorsal,0.0087,-6.679,9.27e-6,0.00845,de-enriched
SERPINA6,Dorsal,4e-4,-7.276,5.38e-9,1.91e-5,de-enriched
APOB,Dorsal,6e-4,-7.996,3.67e-6,0.00421,de-enriched
FGB,Dorsal,2e-4,-8.46,1.19e-12,6.03e-9,de-enriched
KRT6A,Dorsal,0.0014,-10,1.8e-6,0.00237,de-enriched
ALDH1A3,Ventral,0.0857,5.822,3.56e-18,1.26e-13,enriched
VAX1,Ventral,0.0087,5.645,1.28e-9,3.5e-6,enriched
CHRDL1,Ventral,0.0547,3.816,3.61e-11,1.43e-7,enriched
CALB1,Ventral,0.0764,3.447,1.04e-13,7.43e-10,enriched
LMO3,Ventral,0.0094,3.099,2.93e-5,0.0205,enriched
CCK,Ventral,0.056,2.894,1.53e-10,5.44e-7,enriched
LRRK1,Ventral,0.0169,2.599,2.05e-5,0.0149,enriched
BMPR1B,Ventral,0.1154,2.225,4.9e-9,1.16e-5,enriched
CLEC4F,Ventral,0.024,2.149,3.23e-5,0.0212,enriched
LRRC3B,Ventral,0.031,1.838,1.41e-5,0.0117,enriched
ATP1A2,Ventral,0.0739,1.669,7.78e-6,0.00728,enriched
IGFBP5,Ventral,0.2531,1.572,3.1e-5,0.0212,enriched
VAX2,Ventral,0.1516,1.567,9.86e-8,1.75e-4,enriched
WFDC1,Ventral,0.0687,1.541,6.62e-6,0.00654,enriched
APCDD1,Ventral,0.0953,1.507,3.87e-7,5.51e-4,enriched
FLRT3,Ventral,0.112,1.472,6.54e-8,1.22e-4,enriched
OPTC,Ventral,0.0492,1.447,4.81e-5,0.0305,enriched
RALYL,Ventral,0.2623,1.383,3.39e-8,7.09e-5,enriched
TENM3,Ventral,0.6777,1.305,1.56e-7,2.64e-4,enriched
CLDN1,Ventral,0.0801,1.271,3.94e-6,0.00425,enriched
ACKR3,Ventral,0.0734,1.27,1.66e-5,0.0131,enriched
FLRT2,Ventral,0.186,1.249,3.18e-7,4.91e-4,enriched
TGFB2,Ventral,0.1533,1.162,1.19e-5,0.0103,enriched
PCDH9,Ventral,0.2544,1.133,4.26e-8,8.41e-5,enriched
ZIC1,Ventral,0.1658,1.115,1.19e-6,0.00151,enriched
RELN,Ventral,0.2411,1.107,3.35e-7,4.97e-4,enriched
CDON,Ventral,0.2097,1.082,1.01e-6,0.00138,enriched
FGF19,Ventral,0.2353,1.061,1.65e-6,0.00196,enriched
PTN,Ventral,0.256,0.957,1.45e-6,0.00178,enriched
NR2F1,Ventral,0.5763,0.94,1.36e-5,0.0115,enriched
GJA1,Ventral,0.2216,0.891,6.95e-6,0.00668,enriched
NR2F1-AS1,Ventral,0.2046,0.882,1.81e-5,0.014,enriched
CCND2,Ventral,0.2591,0.748,4.05e-5,0.0262,enriched
GPC6,Ventral,0.4114,0.741,3.18e-5,0.0212,enriched
EFNA5,Ventral,0.6231,0.657,1.9e-5,0.0143,enriched
DAPL1,Ventral,1.355,0.559,8.32e-6,0.00739,enriched
TMSB4X,Ventral,2.4547,0.513,2.02e-5,0.0149,enriched
COL1A1,Ventral,0.568,-1.268,2.72e-6,0.00303,de-enriched
BAMBI,Ventral,0.4005,-1.345,4.15e-6,0.0043,de-enriched
TBX2,Ventral,0.3682,-1.786,1.91e-9,4.85e-6,de-enriched
EFNB1,Ventral,0.093,-2.504,8.12e-6,0.00739,de-enriched
EFNB2,Ventral,0.277,-2.855,7.67e-10,2.27e-6,de-enriched
TBX5,Ventral,0.0454,-3.628,2.43e-5,0.0173,de-enriched
TBX3,Ventral,0.0415,-4.186,1.45e-5,0.0118,de-enriched
ALDH1A1,Ventral,0.2897,-5.05,1.39e-14,1.24e-10,de-enriched
MT1E,Ventral,0.0261,-5.375,5.21e-5,0.0325,de-enriched
APOC3,Ventral,9e-4,-7.143,1.21e-8,2.7e-5,de-enriched
MT1H,Ventral,0.0338,-7.7,7.15e-12,4.24e-8,de-enriched
AFP,Ventral,0.0014,-8.027,3.12e-11,1.39e-7,de-enriched
MT1G,Ventral,0.0314,-8.067,2.23e-11,1.13e-7,de-enriched
APOA2,Ventral,0.0028,-8.856,4.26e-16,7.58e-12,de-enriched
APOB,Ventral,6e-4,-10,4.24e-6,0.0043,de-enriched
AMBP,Ventral,0.0017,-10,5.22e-10,1.69e-6,de-enriched
APOH,Ventral,9e-4,-10,1.15e-6,0.00151,de-enriched
SERPINA1,Ventral,0.003,-10,6.43e-16,7.62e-12,de-enriched
MT1M,Ventral,0.0053,-10,2.15e-6,0.00247,de-enriched
FGB,Ventral,2e-4,-10,3.13e-7,4.91e-4,de-enriched
LGALS2,DVcentral,0,10,1.89e-4,0.0455,enriched
MT1B,DVcentral,1e-4,10,2.35e-5,0.0131,enriched
FGB,DVcentral,2e-4,8.995,5.1e-14,3.63e-10,enriched
APOB,DVcentral,6e-4,8.536,1.07e-6,0.00136,enriched
SERPINA6,DVcentral,4e-4,7.811,2.5e-10,8.08e-7,enriched
AFP,DVcentral,0.0014,6.608,1.38e-17,2.46e-13,enriched
APOA2,DVcentral,0.0028,5.832,2.62e-20,9.32e-16,enriched
UCA1,DVcentral,0.0094,3.597,5.65e-5,0.0221,enriched
ICAM4,DVcentral,0.0075,2.92,1.58e-4,0.0421,enriched
HBA1,DVcentral,0.4787,1.851,1.35e-4,0.0371,enriched
HBM,DVcentral,0.0291,1.627,1.05e-4,0.0306,enriched
WNT6,DVcentral,0.0205,1.388,1.85e-5,0.0117,enriched
ALX1,DVcentral,0.0305,1.076,5.04e-5,0.0211,enriched
S100A11,DVcentral,0.2705,1.067,1.7e-4,0.0435,enriched
CAPG,DVcentral,0.0431,1.022,1.7e-4,0.0435,enriched
SULT1E1,DVcentral,0.0787,0.91,1.89e-4,0.0455,enriched
IGF2.1,DVcentral,0.0408,0.837,8.98e-5,0.0275,enriched
TWIST2,DVcentral,0.0437,0.785,2.2e-5,0.0129,enriched
RPS27L,DVcentral,0.6035,0.773,1.51e-4,0.0408,enriched
TWIST1,DVcentral,0.1023,0.686,1.03e-4,0.0306,enriched
RUNX1T1,DVcentral,0.0746,0.66,1.78e-4,0.0446,enriched
PLAC9,DVcentral,0.1533,0.623,2.06e-4,0.0481,enriched
DLEU7,DVcentral,0.0785,0.618,7.19e-5,0.0256,enriched
FCGRT,DVcentral,0.1047,0.607,1.85e-4,0.0453,enriched
DCN,DVcentral,0.3682,0.549,1.69e-4,0.0435,enriched
TPM1,DVcentral,0.3923,0.521,1.82e-6,0.00209,enriched
IL11RA,DVcentral,0.1165,0.451,1.97e-4,0.0464,enriched
SERPINF1,DVcentral,0.0984,0.416,6.88e-5,0.025,enriched
BCAM,DVcentral,0.1504,0.382,7.5e-5,0.0257,enriched
COCH,DVcentral,0.174,0.349,1.68e-4,0.0435,enriched
ID2,DVcentral,0.588,-0.278,1.92e-4,0.0455,de-enriched
SSBP4,DVcentral,0.4776,-0.297,1.8e-4,0.0447,de-enriched
LMAN1,DVcentral,0.7279,-0.311,4.52e-5,0.0209,de-enriched
ENO1,DVcentral,1.2174,-0.313,3.2e-5,0.0159,de-enriched
TPBG,DVcentral,0.1615,-0.324,7.91e-5,0.0257,de-enriched
COL11A1,DVcentral,0.4562,-0.327,7.61e-5,0.0257,de-enriched
IRF2BPL,DVcentral,0.1715,-0.33,7.99e-5,0.0257,de-enriched
PALLD,DVcentral,0.4112,-0.336,1.1e-4,0.0312,de-enriched
ID3,DVcentral,0.9788,-0.359,8.43e-5,0.0264,de-enriched
CXADR,DVcentral,0.3309,-0.361,7.16e-5,0.0256,de-enriched
PPA1,DVcentral,0.7915,-0.364,1.04e-5,0.00767,de-enriched
ISYNA1,DVcentral,0.5512,-0.373,1.33e-4,0.037,de-enriched
CRIP2,DVcentral,0.2038,-0.397,8.05e-5,0.0257,de-enriched
NLRP1,DVcentral,0.2743,-0.417,4.17e-5,0.0198,de-enriched
URI1,DVcentral,0.5493,-0.419,7.74e-5,0.0257,de-enriched
TCF12,DVcentral,0.5791,-0.423,9.22e-5,0.028,de-enriched
ID1,DVcentral,0.7592,-0.436,4.74e-6,0.00444,de-enriched
EGFR,DVcentral,0.2706,-0.44,5.35e-5,0.0216,de-enriched
CCDC34,DVcentral,0.5926,-0.444,4.43e-5,0.0207,de-enriched
KLHDC8B,DVcentral,0.3086,-0.446,1.13e-5,0.00803,de-enriched
PCDH7,DVcentral,0.8646,-0.456,3.04e-5,0.0159,de-enriched
PSAT1,DVcentral,0.1705,-0.46,5.9e-5,0.0223,de-enriched
ZNF506,DVcentral,0.0983,-0.461,4.74e-5,0.0211,de-enriched
MUM1,DVcentral,0.5055,-0.461,1.7e-4,0.0435,de-enriched
DCLK1,DVcentral,0.2556,-0.464,5.87e-5,0.0223,de-enriched
DCBLD2,DVcentral,0.6494,-0.469,5.62e-5,0.0221,de-enriched
CCND1,DVcentral,1.3966,-0.475,2.39e-5,0.0131,de-enriched
KHDRBS3,DVcentral,0.1607,-0.482,1.98e-5,0.0119,de-enriched
STRA6,DVcentral,0.1435,-0.484,7.68e-5,0.0257,de-enriched
COLEC12,DVcentral,0.2562,-0.485,1.06e-4,0.0306,de-enriched
PDLIM5,DVcentral,0.2885,-0.486,1.62e-4,0.0429,de-enriched
PLK4,DVcentral,0.0909,-0.491,7.28e-5,0.0256,de-enriched
LEF1,DVcentral,0.143,-0.496,1.27e-4,0.0355,de-enriched
SLF1,DVcentral,0.6022,-0.499,8.08e-5,0.0257,de-enriched
FIGN,DVcentral,0.5197,-0.5,1.44e-4,0.0391,de-enriched
PLPPR3,DVcentral,0.1977,-0.524,1.87e-4,0.0455,de-enriched
PCDH9,DVcentral,0.2544,-0.538,1.24e-4,0.035,de-enriched
SEMA6A,DVcentral,0.29,-0.55,5.34e-5,0.0216,de-enriched
STRN,DVcentral,0.1015,-0.554,8.02e-6,0.00634,de-enriched
VSX2,DVcentral,0.4666,-0.556,1.72e-4,0.0435,de-enriched
MAN1A1,DVcentral,0.3108,-0.561,1.97e-6,0.00219,de-enriched
CTXN1,DVcentral,0.1651,-0.565,3.22e-5,0.0159,de-enriched
COL9A1,DVcentral,0.463,-0.566,4.97e-5,0.0211,de-enriched
TGFB2,DVcentral,0.1533,-0.585,8.58e-5,0.0265,de-enriched
FEZF2,DVcentral,0.3304,-0.596,1.83e-4,0.0453,de-enriched
EFNA5,DVcentral,0.6231,-0.597,6.31e-7,8.97e-4,de-enriched
DSEL,DVcentral,0.1695,-0.602,7.87e-6,0.00634,de-enriched
GPR162,DVcentral,0.0551,-0.613,1.36e-5,0.00911,de-enriched
COL2A1,DVcentral,0.5451,-0.617,4.62e-5,0.0211,de-enriched
CNTNAP3B,DVcentral,0.1139,-0.625,4.99e-5,0.0211,de-enriched
LHX2,DVcentral,0.4609,-0.626,1.71e-4,0.0435,de-enriched
RAX,DVcentral,0.8685,-0.634,1.02e-4,0.0304,de-enriched
MEIS1-AS2,DVcentral,0.0377,-0.635,3.34e-5,0.0163,de-enriched
ERICH5,DVcentral,0.2131,-0.64,5.6e-5,0.0221,de-enriched
MAB21L2,DVcentral,0.1306,-0.667,4.17e-6,0.00401,de-enriched
DAPL1,DVcentral,1.355,-0.671,2.07e-5,0.0123,de-enriched
GRIA4,DVcentral,0.4253,-0.677,1.92e-5,0.0118,de-enriched
LRRC10B,DVcentral,0.0474,-0.687,1.1e-4,0.0312,de-enriched
ADAMTS9,DVcentral,0.0291,-0.724,4.84e-5,0.0211,de-enriched
SFRP2,DVcentral,1.7425,-0.724,4.68e-7,7.24e-4,de-enriched
RDH10,DVcentral,0.2168,-0.731,6.19e-6,0.00554,de-enriched
LRRC17,DVcentral,0.1355,-0.736,3.2e-5,0.0159,de-enriched
SYNPR,DVcentral,0.1918,-0.756,1.36e-5,0.00911,de-enriched
CPAMD8,DVcentral,0.2783,-0.759,5.87e-5,0.0223,de-enriched
NECAB2,DVcentral,0.1263,-0.78,7.57e-5,0.0257,de-enriched
NR2F1,DVcentral,0.5763,-0.785,6.48e-6,0.00562,de-enriched
EFHD2,DVcentral,0.1128,-0.792,3.74e-7,6.47e-4,de-enriched
AXIN2,DVcentral,0.0217,-0.796,2.15e-4,0.05,de-enriched
GJA1,DVcentral,0.2216,-0.819,1.25e-9,3.7e-6,de-enriched
AC006450.3,DVcentral,0.039,-0.83,6.34e-5,0.0236,de-enriched
RELN,DVcentral,0.2411,-0.833,7.48e-5,0.0257,de-enriched
SLC7A8,DVcentral,0.0349,-0.835,6.62e-5,0.0243,de-enriched
PANK4,DVcentral,0.0424,-0.846,1.06e-5,0.00767,de-enriched
SAMD11,DVcentral,0.0931,-0.867,3.74e-6,0.0038,de-enriched
LRRN2,DVcentral,0.027,-0.868,1.92e-4,0.0455,de-enriched
CDON,DVcentral,0.2097,-0.871,1.7e-7,3.56e-4,de-enriched
CDH6,DVcentral,0.2739,-0.872,2.5e-6,0.00269,de-enriched
NR2F2,DVcentral,0.2395,-0.896,8.22e-11,2.92e-7,de-enriched
CNTNAP3,DVcentral,0.0346,-0.899,3.74e-5,0.018,de-enriched
SYT7,DVcentral,0.107,-0.9,1.37e-4,0.0374,de-enriched
NR2F2-AS1,DVcentral,0.0425,-0.92,1.06e-4,0.0306,de-enriched
CACNB2,DVcentral,0.0885,-0.923,9.44e-5,0.0284,de-enriched
LHX9,DVcentral,0.1799,-0.948,2.29e-5,0.0129,de-enriched
BHLHE22,DVcentral,0.0677,-0.956,5.02e-5,0.0211,de-enriched
OTX1,DVcentral,0.0325,-0.976,4.69e-5,0.0211,de-enriched
SYT17,DVcentral,0.0509,-0.983,1.16e-6,0.00143,de-enriched
COL9A2,DVcentral,0.1281,-1,3.92e-7,6.47e-4,de-enriched
VWC2,DVcentral,0.0318,-1.014,2.52e-5,0.0136,de-enriched
ZIC1,DVcentral,0.1658,-1.019,3.86e-6,0.00381,de-enriched
PCSK1N,DVcentral,0.2109,-1.023,4e-7,6.47e-4,de-enriched
LRRC3B,DVcentral,0.031,-1.032,1.37e-7,3.04e-4,de-enriched
HMX1,DVcentral,0.5211,-1.032,1.32e-7,3.04e-4,de-enriched
GDF6,DVcentral,0.0363,-1.057,1.51e-5,0.00992,de-enriched
ADAMTS9-AS1,DVcentral,0.0223,-1.06,1.92e-5,0.0118,de-enriched
FAM183A,DVcentral,0.0329,-1.095,6.23e-6,0.00554,de-enriched
C11orf88,DVcentral,0.0256,-1.099,8.47e-5,0.0264,de-enriched
RASSF9,DVcentral,0.0266,-1.119,6.92e-6,0.00583,de-enriched
FGF19,DVcentral,0.2353,-1.12,3.13e-5,0.0159,de-enriched
APCDD1,DVcentral,0.0953,-1.123,2.25e-7,4.45e-4,de-enriched
OLFM3,DVcentral,0.0604,-1.165,7.62e-8,2.04e-4,de-enriched
MECOM,DVcentral,0.0532,-1.165,6.38e-5,0.0236,de-enriched
LGR6,DVcentral,0.0392,-1.185,1.63e-5,0.0105,de-enriched
CLDN1,DVcentral,0.0801,-1.188,9.37e-7,0.00128,de-enriched
UNC5B,DVcentral,0.0158,-1.232,9.81e-6,0.00758,de-enriched
PRELP,DVcentral,0.0285,-1.313,2.28e-5,0.0129,de-enriched
AC092958.1,DVcentral,0.0203,-1.379,3.5e-7,6.47e-4,de-enriched
TBX2,DVcentral,0.3682,-1.383,5.24e-7,7.76e-4,de-enriched
SLC16A6,DVcentral,0.0183,-1.407,3.18e-6,0.00333,de-enriched
CLEC19A,DVcentral,0.043,-1.436,8.03e-8,2.04e-4,de-enriched
CRTAC1,DVcentral,0.0875,-1.496,1.02e-5,0.00767,de-enriched
CALB1,DVcentral,0.0764,-1.509,1.19e-5,0.00833,de-enriched
PDE11A,DVcentral,0.0206,-1.643,7.04e-6,0.00583,de-enriched
AC209005.1,DVcentral,0.0134,-1.67,1.82e-6,0.00209,de-enriched
EFNB1,DVcentral,0.093,-1.836,1.08e-11,4.82e-8,de-enriched
MSX2,DVcentral,0.0075,-2.107,3.13e-5,0.0159,de-enriched
VAX1,DVcentral,0.0087,-2.183,5.14e-5,0.0212,de-enriched
EFNB2,DVcentral,0.277,-2.34,4.74e-13,2.81e-9,de-enriched
TBX5-AS1,DVcentral,0.0105,-2.727,8.05e-5,0.0257,de-enriched
ALDH1A3,DVcentral,0.0857,-2.895,1.57e-12,7.96e-9,de-enriched
TBX3,DVcentral,0.0415,-2.912,7.6e-11,2.92e-7,de-enriched
TBX5,DVcentral,0.0454,-3.252,2.48e-14,2.2e-10,de-enriched
KRT3,DVcentral,0.0062,-3.417,9.97e-7,0.00131,de-enriched
ALDH1A1,DVcentral,0.2897,-4.878,3.54e-16,4.2e-12,de-enriched
PLA2G2A,NTcentral,0.0032,10,3.49e-7,4.97e-4,enriched
APOA2,NTcentral,0.0028,10,6.53e-21,2.32e-16,enriched
MMP10,NTcentral,0.0023,10,5.73e-5,0.0154,enriched
GRB7,NTcentral,0.0022,10,1.41e-4,0.027,enriched
KRT6A,NTcentral,0.0014,10,8.4e-7,8.79e-4,enriched
AC130456.3,NTcentral,0.0075,10,8.19e-8,1.46e-4,enriched
CEACAM6,NTcentral,0.0033,10,2.05e-6,0.00149,enriched
AP001207.3,NTcentral,0.0026,10,1.17e-6,9.23e-4,enriched
FGB,NTcentral,2e-4,10,1.75e-12,2.08e-8,enriched
MT1B,NTcentral,1e-4,10,3.16e-4,0.0454,enriched
AFP,NTcentral,0.0014,9.776,6.79e-17,1.21e-12,enriched
SERPINA6,NTcentral,4e-4,6.972,1.24e-8,2.94e-5,enriched
SPRR3,NTcentral,0.0055,6.602,6.56e-8,1.23e-4,enriched
IGFL2,NTcentral,0.0037,5.38,1.68e-4,0.0304,enriched
KRT4,NTcentral,0.0126,4.665,1.08e-4,0.0236,enriched
S100A8,NTcentral,0.0128,4.411,1.21e-5,0.00524,enriched
S100A9,NTcentral,0.0231,4.141,5.35e-6,0.00317,enriched
TUBA4A,NTcentral,0.0418,3.742,1.03e-6,8.89e-4,enriched
KRT13,NTcentral,0.0266,3.59,1.18e-4,0.0247,enriched
FAM3D,NTcentral,0.0036,3.524,3.18e-4,0.0454,enriched
HBE1,NTcentral,0.1374,3.256,3.01e-4,0.0444,enriched
HEMGN,NTcentral,0.0097,3.233,1.37e-4,0.027,enriched
CLDN7,NTcentral,0.0109,3.224,5.17e-5,0.0146,enriched
NECTIN4,NTcentral,0.0081,3.161,9.69e-5,0.0222,enriched
SERPINB2,NTcentral,0.0053,3.139,2.67e-4,0.0417,enriched
C19orf33,NTcentral,0.0164,2.945,2.97e-6,0.00203,enriched
HBG1,NTcentral,0.1105,2.831,1.14e-5,0.005,enriched
SFN,NTcentral,0.0301,2.777,1.43e-5,0.00592,enriched
BARX2,NTcentral,0.008,2.758,2.07e-5,0.0076,enriched
CLIC3,NTcentral,0.0135,2.745,1.39e-4,0.027,enriched
CDKN1A,NTcentral,0.0673,2.743,7.21e-5,0.0181,enriched
ELF3,NTcentral,0.024,2.732,6.88e-6,0.00371,enriched
MT1E,NTcentral,0.0261,2.717,2.54e-4,0.0408,enriched
KRT12,NTcentral,0.0228,2.665,2.66e-4,0.0417,enriched
KRT17,NTcentral,0.0702,2.615,7.55e-6,0.00383,enriched
S100A14,NTcentral,0.0213,2.598,8.67e-6,0.00428,enriched
KRT19,NTcentral,0.1086,2.597,1.21e-8,2.94e-5,enriched
AHSP,NTcentral,0.0226,2.559,7.92e-7,8.53e-4,enriched
HBA1,NTcentral,0.4787,2.552,9.26e-7,8.87e-4,enriched
AQP3,NTcentral,0.0222,2.492,5.63e-5,0.0154,enriched
ANXA1,NTcentral,0.082,2.476,2.37e-8,5.04e-5,enriched
S100A2,NTcentral,0.0168,2.458,1.91e-4,0.0339,enriched
HBB,NTcentral,0.1731,2.36,1.84e-7,2.73e-4,enriched
HBA2,NTcentral,0.6272,2.359,4e-6,0.00249,enriched
AC104389.4,NTcentral,0.0148,2.357,3.06e-4,0.0447,enriched
CLDN4,NTcentral,0.0415,2.265,4.1e-5,0.0123,enriched
KRT5,NTcentral,0.0624,2.25,1.04e-4,0.0228,enriched
RAB25,NTcentral,0.0168,2.247,8.13e-5,0.0191,enriched
HBG2,NTcentral,0.679,2.185,1e-6,8.89e-4,enriched
CASP4,NTcentral,0.0091,2.16,1.15e-4,0.0244,enriched
ERBB3,NTcentral,0.0124,2.138,8.06e-5,0.0191,enriched
WNT6,NTcentral,0.0205,2.115,6.15e-6,0.00354,enriched
LGALS3,NTcentral,0.0672,2.023,1.02e-5,0.00458,enriched
LYPD3,NTcentral,0.0218,1.947,1e-4,0.0225,enriched
TMEM173,NTcentral,0.0117,1.928,3.35e-4,0.0469,enriched
CLDN6,NTcentral,0.0077,1.897,2.02e-4,0.0351,enriched
APOD,NTcentral,0.0129,1.859,3.81e-5,0.0118,enriched
HBM,NTcentral,0.0291,1.813,3.53e-4,0.0483,enriched
PERP,NTcentral,0.0676,1.789,3.63e-6,0.00234,enriched
S100A11,NTcentral,0.2705,1.781,2.34e-11,2.08e-7,enriched
CDH1,NTcentral,0.0107,1.778,2.18e-4,0.037,enriched
TRIM29,NTcentral,0.0169,1.731,2.49e-4,0.0406,enriched
TRIM38,NTcentral,0.0102,1.633,3.43e-4,0.0474,enriched
TNNT3,NTcentral,0.031,1.596,7.6e-5,0.0187,enriched
CAV1,NTcentral,0.0289,1.595,2.24e-5,0.00789,enriched
EMP1,NTcentral,0.0343,1.571,3.59e-4,0.0485,enriched
BBC3,NTcentral,0.0426,1.533,1.35e-4,0.027,enriched
S100A6,NTcentral,0.4369,1.483,1.01e-6,8.89e-4,enriched
CAPG,NTcentral,0.0431,1.392,9.36e-6,0.00438,enriched
RGCC,NTcentral,0.0292,1.374,3.23e-4,0.0458,enriched
VAMP8,NTcentral,0.0349,1.364,2.66e-4,0.0417,enriched
RARG,NTcentral,0.0248,1.35,8.86e-5,0.0207,enriched
S100A10,NTcentral,0.2334,1.341,6.4e-9,1.9e-5,enriched
CYTL1,NTcentral,0.0251,1.333,3.16e-4,0.0454,enriched
IER3,NTcentral,0.0646,1.275,7.5e-6,0.00383,enriched
KRT18,NTcentral,0.0695,1.238,1.15e-4,0.0244,enriched
S100A4,NTcentral,0.2298,1.189,1.12e-5,0.00498,enriched
DLC1,NTcentral,0.0327,1.182,4.37e-5,0.0128,enriched
KRT8,NTcentral,0.095,1.177,1.1e-4,0.0238,enriched
MT2A,NTcentral,0.1326,1.156,7.74e-5,0.0187,enriched
DHRS3,NTcentral,0.0331,1.137,1.56e-4,0.0286,enriched
DPT,NTcentral,0.0199,1.123,1.4e-4,0.027,enriched
TWIST2,NTcentral,0.0437,1.088,6.36e-6,0.00354,enriched
GSN,NTcentral,0.0954,1.084,1.41e-7,2.18e-4,enriched
TXNIP,NTcentral,0.1139,1.081,7.36e-5,0.0183,enriched
TMEM119,NTcentral,0.0269,1.041,2.61e-4,0.0415,enriched
MT1X,NTcentral,0.106,1.038,2.48e-4,0.0406,enriched
ALX1,NTcentral,0.0305,1.018,2.93e-4,0.0435,enriched
FBLN5,NTcentral,0.047,0.992,1.24e-5,0.00533,enriched
PITX2,NTcentral,0.0507,0.979,2.15e-4,0.0368,enriched
MGP,NTcentral,0.2101,0.975,6.46e-5,0.0166,enriched
GADD45B,NTcentral,0.2158,0.973,1.78e-5,0.00694,enriched
BLVRB,NTcentral,0.1365,0.963,1.48e-4,0.028,enriched
OSR2,NTcentral,0.0747,0.939,2.28e-5,0.00789,enriched
PRRX1,NTcentral,0.0676,0.935,1.01e-5,0.00458,enriched
PLAC9,NTcentral,0.1533,0.932,1.34e-4,0.027,enriched
PRRX2,NTcentral,0.0393,0.93,1.6e-4,0.0293,enriched
CEBPD,NTcentral,0.1031,0.915,3.36e-4,0.0469,enriched
CAVIN1,NTcentral,0.039,0.915,7.7e-5,0.0187,enriched
MYL4,NTcentral,0.0418,0.907,6.15e-5,0.0161,enriched
TSPO,NTcentral,0.0718,0.87,1.95e-4,0.0345,enriched
EPCAM,NTcentral,0.0535,0.867,1.97e-4,0.0345,enriched
ETS2,NTcentral,0.0319,0.855,1e-4,0.0225,enriched
ZFP36,NTcentral,0.1232,0.853,8.97e-6,0.00434,enriched
ACTC1,NTcentral,0.1137,0.843,2e-4,0.0348,enriched
S100A16,NTcentral,0.0672,0.834,2.76e-4,0.0421,enriched
LGALS1,NTcentral,0.5286,0.832,1.28e-5,0.00536,enriched
LIMA1,NTcentral,0.0851,0.798,7.97e-5,0.019,enriched
SULF1,NTcentral,0.1109,0.781,1.63e-5,0.00645,enriched
DLK1,NTcentral,0.1257,0.759,5.85e-5,0.0154,enriched
ANXA2,NTcentral,0.5122,0.746,5.17e-7,6.39e-4,enriched
GMDS,NTcentral,0.1071,0.724,1.53e-4,0.0286,enriched
RPS27L,NTcentral,0.6035,0.722,1.11e-4,0.0238,enriched
PDLIM1,NTcentral,0.0788,0.709,2.91e-5,0.00957,enriched
POSTN,NTcentral,0.2035,0.686,1.03e-4,0.0228,enriched
COL1A1,NTcentral,0.568,0.68,6.27e-6,0.00354,enriched
CTHRC1,NTcentral,0.104,0.674,1.45e-4,0.0276,enriched
LUM,NTcentral,0.2382,0.668,1.51e-4,0.0284,enriched
PLS3,NTcentral,0.0684,0.648,7.1e-5,0.018,enriched
FCGRT,NTcentral,0.1047,0.614,1.02e-4,0.0226,enriched
NFKBIA,NTcentral,0.2363,0.607,1.14e-4,0.0243,enriched
COL3A1,NTcentral,0.4216,0.586,3.05e-4,0.0447,enriched
COL5A1,NTcentral,0.1345,0.584,3.32e-4,0.0466,enriched
GYPC,NTcentral,0.1351,0.561,3.23e-4,0.0458,enriched
DCN,NTcentral,0.3682,0.555,2.07e-4,0.0356,enriched
UBC,NTcentral,1.2389,0.505,6.35e-5,0.0165,enriched
TPM1,NTcentral,0.3923,0.502,2.14e-5,0.0077,enriched
SPATS2L,NTcentral,0.1306,0.486,3.47e-4,0.0478,enriched
RPL36AL,NTcentral,1.001,0.468,2.45e-4,0.0404,enriched
COL5A2,NTcentral,0.2326,0.461,2.3e-4,0.0385,enriched
FTH1,NTcentral,2.4929,0.457,3.16e-4,0.0454,enriched
EIF1,NTcentral,2.1489,0.377,3.6e-4,0.0485,enriched
JUNB,NTcentral,0.5333,0.371,3.53e-4,0.0483,enriched
MYL12A,NTcentral,0.6353,0.355,1.4e-4,0.027,enriched
FABP5,NTcentral,0.9139,0.308,2.04e-4,0.0353,enriched
MYL12B,NTcentral,0.7603,0.284,7.94e-5,0.019,enriched
PTMS,NTcentral,1.0178,-0.255,2.24e-4,0.0377,de-enriched
DDAH2,NTcentral,0.7589,-0.268,2.87e-4,0.0431,de-enriched
MARCKS,NTcentral,1.8573,-0.274,2.83e-4,0.0428,de-enriched
TNRC6B,NTcentral,0.746,-0.306,2.4e-4,0.04,de-enriched
RCN2,NTcentral,0.9021,-0.332,2.69e-4,0.0417,de-enriched
EGFR,NTcentral,0.2706,-0.333,3.69e-4,0.0495,de-enriched
ZHX1,NTcentral,0.1929,-0.349,2.86e-4,0.043,de-enriched
TSC22D1,NTcentral,0.9425,-0.365,2.21e-4,0.0374,de-enriched
DPYSL2,NTcentral,0.5063,-0.381,3.57e-4,0.0485,de-enriched
NLRP1,NTcentral,0.2743,-0.393,5.75e-5,0.0154,de-enriched
SOX11,NTcentral,0.7646,-0.398,3.42e-4,0.0474,de-enriched
IFT57,NTcentral,0.3374,-0.405,1.56e-4,0.0286,de-enriched
MRPL1,NTcentral,0.2057,-0.42,5.8e-5,0.0154,de-enriched
URI1,NTcentral,0.5493,-0.429,2.55e-4,0.0409,de-enriched
CCDC34,NTcentral,0.5926,-0.446,1.17e-4,0.0247,de-enriched
GULP1,NTcentral,0.4292,-0.45,9.92e-5,0.0225,de-enriched
CRIP2,NTcentral,0.2038,-0.45,3.08e-5,0.00995,de-enriched
MEGF8,NTcentral,0.0896,-0.459,2.72e-4,0.0418,de-enriched
ATP2A2,NTcentral,0.2087,-0.461,5.3e-5,0.0147,de-enriched
TPPP3,NTcentral,0.3225,-0.488,3.75e-5,0.0118,de-enriched
KLHDC8B,NTcentral,0.3086,-0.489,2.39e-5,0.00819,de-enriched
ARL4A,NTcentral,0.2329,-0.491,5.71e-5,0.0154,de-enriched
CNIH2,NTcentral,0.0751,-0.499,1.29e-4,0.0263,de-enriched
PCDH7,NTcentral,0.8646,-0.503,2.05e-5,0.00758,de-enriched
CXXC5,NTcentral,0.4636,-0.511,2.61e-4,0.0415,de-enriched
MSI2,NTcentral,1.3831,-0.516,2.77e-5,0.00924,de-enriched
MAGI3,NTcentral,0.354,-0.52,9.62e-5,0.0222,de-enriched
RUNDC1,NTcentral,0.0736,-0.524,1.37e-4,0.027,de-enriched
DCBLD2,NTcentral,0.6494,-0.528,2.89e-4,0.0432,de-enriched
FIGN,NTcentral,0.5197,-0.532,3.97e-5,0.0121,de-enriched
NRIP1,NTcentral,0.4148,-0.533,1.36e-4,0.027,de-enriched
PAX6,NTcentral,1.3676,-0.536,7.24e-5,0.0181,de-enriched
PLPPR3,NTcentral,0.1977,-0.538,2.27e-5,0.00789,de-enriched
HOMER2,NTcentral,0.3316,-0.557,1.26e-4,0.0259,de-enriched
DLL1,NTcentral,0.0801,-0.559,1.97e-4,0.0345,de-enriched
TRPM3,NTcentral,0.899,-0.566,4.24e-5,0.0126,de-enriched
COL13A1,NTcentral,0.1626,-0.566,3.08e-4,0.0447,de-enriched
NR2F1-AS1,NTcentral,0.2046,-0.568,2.7e-4,0.0417,de-enriched
DMD,NTcentral,0.1076,-0.568,2.14e-5,0.0077,de-enriched
DTNA,NTcentral,0.2004,-0.569,2.73e-4,0.0418,de-enriched
COLEC12,NTcentral,0.2562,-0.57,1.57e-5,0.00627,de-enriched
RAX,NTcentral,0.8685,-0.583,2.79e-4,0.0424,de-enriched
LHX2,NTcentral,0.4609,-0.59,1.68e-4,0.0304,de-enriched
CADPS2,NTcentral,0.2498,-0.597,2.42e-4,0.04,de-enriched
LRRN1,NTcentral,0.228,-0.599,1.39e-4,0.027,de-enriched
GPC6,NTcentral,0.4114,-0.605,1.87e-5,0.00709,de-enriched
RSPH9,NTcentral,0.1715,-0.608,5.08e-5,0.0145,de-enriched
KHDRBS3,NTcentral,0.1607,-0.615,3.91e-6,0.00248,de-enriched
MAN1A1,NTcentral,0.3108,-0.621,9.44e-7,8.87e-4,de-enriched
DSEL,NTcentral,0.1695,-0.623,9.19e-6,0.00436,de-enriched
VSX2,NTcentral,0.4666,-0.625,2.52e-4,0.0407,de-enriched
CNTNAP3B,NTcentral,0.1139,-0.626,4.97e-5,0.0143,de-enriched
COL2A1,NTcentral,0.5451,-0.643,1.8e-5,0.00694,de-enriched
RDH10,NTcentral,0.2168,-0.654,1.5e-5,0.00611,de-enriched
CDH6,NTcentral,0.2739,-0.665,1.83e-6,0.00136,de-enriched
EFHD2,NTcentral,0.1128,-0.67,9.02e-6,0.00434,de-enriched
TLE3,NTcentral,0.1804,-0.676,1.95e-5,0.00729,de-enriched
TGFB2,NTcentral,0.1533,-0.688,1.11e-6,8.98e-4,de-enriched
C9orf135,NTcentral,0.0796,-0.698,2.94e-4,0.0435,de-enriched
ZIC5,NTcentral,0.1071,-0.707,5.54e-5,0.0153,de-enriched
SYT7,NTcentral,0.107,-0.723,1.76e-4,0.0315,de-enriched
NR2F1,NTcentral,0.5763,-0.726,4.94e-6,0.00298,de-enriched
LRP2,NTcentral,0.3524,-0.727,2.68e-4,0.0417,de-enriched
SAMD11,NTcentral,0.0931,-0.73,2.41e-8,5.04e-5,de-enriched
CACNB2,NTcentral,0.0885,-0.736,4.52e-5,0.0131,de-enriched
SYT17,NTcentral,0.0509,-0.755,3.85e-5,0.0118,de-enriched
TMEM51,NTcentral,0.0254,-0.768,1.44e-4,0.0275,de-enriched
NECAB2,NTcentral,0.1263,-0.771,1.11e-6,8.98e-4,de-enriched
PACRG,NTcentral,0.0435,-0.78,1.26e-4,0.0259,de-enriched
PCDH9,NTcentral,0.2544,-0.782,1.27e-5,0.00536,de-enriched
ZIC2,NTcentral,0.3892,-0.782,7.01e-5,0.0179,de-enriched
RALYL,NTcentral,0.2623,-0.788,1.53e-5,0.00619,de-enriched
GJA1,NTcentral,0.2216,-0.794,4.08e-5,0.0123,de-enriched
BHLHE22,NTcentral,0.0677,-0.795,1e-4,0.0225,de-enriched
SHISA2,NTcentral,0.1195,-0.819,2.96e-5,0.00966,de-enriched
APCDD1,NTcentral,0.0953,-0.83,2.52e-5,0.00855,de-enriched
PTPRQ,NTcentral,0.1366,-0.833,3.71e-4,0.0496,de-enriched
C11orf88,NTcentral,0.0256,-0.836,3.08e-4,0.0447,de-enriched
SFRP2,NTcentral,1.7425,-0.845,9.92e-8,1.68e-4,de-enriched
FAM183A,NTcentral,0.0329,-0.846,1.52e-4,0.0285,de-enriched
DAPL1,NTcentral,1.355,-0.894,8.7e-7,8.84e-4,de-enriched
OTX1,NTcentral,0.0325,-0.905,1.3e-4,0.0264,de-enriched
RMST,NTcentral,0.1863,-0.907,7.62e-5,0.0187,de-enriched
CPAMD8,NTcentral,0.2783,-0.914,2.54e-6,0.00177,de-enriched
ADAMTS9,NTcentral,0.0291,-0.96,3.59e-4,0.0485,de-enriched
LGR6,NTcentral,0.0392,-0.966,5.27e-5,0.0147,de-enriched
CYP1B1,NTcentral,0.6782,-0.969,3.05e-6,0.00205,de-enriched
ZIC1,NTcentral,0.1658,-0.987,1.07e-6,8.98e-4,de-enriched
PCSK1N,NTcentral,0.2109,-1.002,9.47e-7,8.87e-4,de-enriched
PGM5,NTcentral,0.0325,-1.013,7.09e-6,0.00376,de-enriched
MYOCD,NTcentral,0.0139,-1.017,1.56e-4,0.0286,de-enriched
LHX9,NTcentral,0.1799,-1.02,6.2e-6,0.00354,de-enriched
CLDN1,NTcentral,0.0801,-1.023,1.71e-4,0.0308,de-enriched
OPRK1,NTcentral,0.0211,-1.05,2.41e-4,0.04,de-enriched
ALDH1A3,NTcentral,0.0857,-1.097,6.75e-6,0.00369,de-enriched
CDON,NTcentral,0.2097,-1.118,2.14e-9,9.53e-6,de-enriched
RASSF9,NTcentral,0.0266,-1.12,3.58e-6,0.00234,de-enriched
LRRN2,NTcentral,0.027,-1.142,3.81e-5,0.0118,de-enriched
NTNG2,NTcentral,0.0201,-1.142,2.78e-5,0.00924,de-enriched
COL9A2,NTcentral,0.1281,-1.162,7.34e-7,8.16e-4,de-enriched
OLFM3,NTcentral,0.0604,-1.181,4.64e-8,9.16e-5,de-enriched
FGF19,NTcentral,0.2353,-1.181,3.67e-7,5.02e-4,de-enriched
CACNA1D,NTcentral,0.031,-1.224,3.73e-5,0.0118,de-enriched
CHSY3,NTcentral,0.16,-1.225,7.64e-6,0.00383,de-enriched
CLEC19A,NTcentral,0.043,-1.225,1.11e-7,1.8e-4,de-enriched
OPCML,NTcentral,0.0759,-1.243,6.07e-7,6.96e-4,de-enriched
RELN,NTcentral,0.2411,-1.246,7.16e-9,1.96e-5,de-enriched
ALDH1A1,NTcentral,0.2897,-1.301,2.12e-6,0.00151,de-enriched
AC092958.1,NTcentral,0.0203,-1.315,4.85e-6,0.00297,de-enriched
ADAMTS9-AS2,NTcentral,0.022,-1.401,9.38e-5,0.0218,de-enriched
EFNA2,NTcentral,0.0237,-1.406,7.52e-6,0.00383,de-enriched
CCK,NTcentral,0.056,-1.416,1.01e-5,0.00458,de-enriched
LRRC3B,NTcentral,0.031,-1.547,3.41e-9,1.21e-5,de-enriched
SLC16A6,NTcentral,0.0183,-1.568,5.67e-7,6.72e-4,de-enriched
EFNA5,NTcentral,0.6231,-1.577,6.19e-11,3.72e-7,de-enriched
PTCHD4,NTcentral,0.0093,-1.579,2.51e-4,0.0407,de-enriched
MECOM,NTcentral,0.0532,-1.582,4.98e-9,1.61e-5,de-enriched
ADAMTS9-AS1,NTcentral,0.0223,-1.585,4.15e-7,5.47e-4,de-enriched
VWC2,NTcentral,0.0318,-1.588,5.21e-7,6.39e-4,de-enriched
ETNPPL,NTcentral,0.0072,-1.669,1.19e-4,0.0248,de-enriched
CALB1,NTcentral,0.0764,-1.673,1.27e-6,9.61e-4,de-enriched
HMX1,NTcentral,0.5211,-1.743,6.28e-11,3.72e-7,de-enriched
OPTC,NTcentral,0.0492,-1.75,2.22e-5,0.00788,de-enriched
AC209005.1,NTcentral,0.0134,-1.85,1.82e-5,0.00697,de-enriched
AOC3,NTcentral,0.0054,-1.884,3.13e-5,0.01,de-enriched
PDE11A,NTcentral,0.0206,-1.904,4.46e-5,0.013,de-enriched
EPHA3,NTcentral,0.0698,-1.955,1.2e-6,9.25e-4,de-enriched
WFDC1,NTcentral,0.0687,-2.003,3.31e-9,1.21e-5,de-enriched
FOXG1,NTcentral,0.0348,-2.692,7.53e-11,3.83e-7,de-enriched
RP11-352D13.6,NTcentral,3e-4,-10,3.31e-4,0.0466,de-enriched
